# This file uses centimeters as units for non-parametric coordinates.

mtllib Frog.mtl
g default
v 21.888636 76.738396 24.886162
v 21.258938 77.746559 25.154205
v 20.359987 78.420189 25.626291
v 19.328640 78.656746 26.230549
v 18.321909 78.420189 26.874987
v 17.493063 77.746559 27.461494
v 16.968281 76.738396 27.900782
v 16.827459 75.549187 28.125969
v 17.092039 74.359978 28.102776
v 17.721737 73.351814 27.834732
v 18.620687 72.678169 27.362646
v 19.652035 72.441628 26.758387
v 20.658766 72.678169 26.113949
v 21.487612 73.351814 25.527441
v 22.012392 74.359978 25.088154
v 22.153214 75.549187 24.862968
v 24.545366 77.948738 23.911892
v 23.310169 79.926323 24.437679
v 21.546814 81.247704 25.363708
v 19.523754 81.711708 26.549007
v 17.548983 81.247704 27.813118
v 15.923139 79.926338 28.963593
v 14.893743 77.948753 29.825285
v 14.617514 75.616020 30.267004
v 15.136502 73.283302 30.221508
v 16.371698 71.305717 29.695724
v 18.135054 69.984337 28.769691
v 20.158115 69.520332 27.584394
v 22.132889 69.984337 26.320284
v 23.758730 71.305717 25.169809
v 24.788124 73.283302 24.308119
v 25.064356 75.616020 23.866398
v 27.240049 79.111153 23.415884
v 25.446823 81.982155 24.179207
v 22.886829 83.900505 25.523596
v 19.949800 84.574135 27.244379
v 17.082876 83.900505 29.079584
v 14.722514 81.982170 30.749815
v 13.228065 79.111153 32.000797
v 12.827042 75.724571 32.642075
v 13.580497 72.337990 32.576027
v 15.373724 69.466972 31.812704
v 17.933720 67.548637 30.468315
v 20.870749 66.874992 28.747532
v 23.737675 67.548637 26.912325
v 26.098032 69.466972 25.242094
v 27.592482 72.337990 23.991114
v 27.993504 75.724571 23.349834
v 29.869131 80.180946 23.417196
v 27.586788 83.835045 24.388723
v 24.328531 86.276634 26.099806
v 20.590403 87.134010 28.289948
v 16.941500 86.276649 30.625717
v 13.937331 83.835060 32.751518
v 12.035258 80.180946 34.343719
v 11.524853 75.870644 35.159912
v 12.483819 71.560341 35.075844
v 14.766164 67.906242 34.104321
v 18.024422 65.464653 32.393234
v 21.762548 64.607277 30.203094
v 25.411451 65.464653 27.867323
v 28.415619 67.906242 25.741522
v 30.317690 71.560341 24.149326
v 30.828096 75.870644 23.333130
v 32.331577 81.117012 23.915777
v 29.647825 85.413780 25.058174
v 25.816519 88.284798 27.070196
v 21.420946 89.292961 29.645529
v 17.130289 88.284798 32.392105
v 13.597762 85.413795 34.891781
v 11.361160 81.117027 36.764008
v 10.760987 76.048637 37.723755
v 11.888613 70.980263 37.624905
v 14.572366 66.683495 36.482510
v 18.403671 63.812477 34.470486
v 22.799246 62.804314 31.895151
v 27.089901 63.812477 29.148575
v 30.622429 66.683495 26.648897
v 32.859032 70.980263 24.776670
v 33.459202 76.048637 23.816929
v 34.532753 81.883385 24.892473
v 31.550728 86.657707 26.161835
v 27.293612 89.847801 28.397470
v 22.409513 90.968010 31.259027
v 17.641991 89.847801 34.310860
v 13.716856 86.657707 37.088352
v 11.231678 81.883400 39.168659
v 10.564800 76.251717 40.235069
v 11.817750 70.620033 40.125233
v 14.799777 65.845726 38.855873
v 19.056894 62.655632 36.620232
v 23.940996 61.535408 33.758678
v 28.708517 62.655617 30.706844
v 32.633648 65.845711 27.929352
v 35.118828 70.620033 25.849047
v 35.785702 76.251717 24.782637
v 36.388077 82.450615 26.309744
v 33.222378 87.518990 27.657291
v 28.703045 90.905586 30.030628
v 23.518112 92.094795 33.068443
v 18.456936 90.905586 36.308250
v 14.290037 87.519005 39.256821
v 11.651786 82.450630 41.465263
v 10.943832 76.472069 42.597359
v 12.273957 70.493492 42.480755
v 15.439660 65.425117 41.133209
v 19.958992 62.038521 38.759869
v 25.143923 60.849312 35.722054
v 30.205099 62.038521 32.482246
v 34.371998 65.425117 29.533676
v 37.010246 70.493492 27.325235
v 37.718197 76.472054 26.193142
v 37.826244 82.796898 28.113127
v 34.598518 87.964577 29.487072
v 29.990652 91.417503 31.906910
v 24.704140 92.630013 35.004234
v 19.543812 91.417519 38.307518
v 15.295277 87.964577 41.313850
v 12.605338 82.796913 43.565559
v 11.883515 76.701210 44.719830
v 13.239699 70.605522 44.600948
v 16.467422 65.437843 43.226997
v 21.075294 61.984917 40.807163
v 26.361807 60.772408 37.709835
v 31.522133 61.984917 34.406555
v 35.770668 65.437843 31.400217
v 38.460606 70.605522 29.148514
v 39.182426 76.701210 27.994240
v 38.791988 82.908913 30.233316
v 35.626286 87.977303 31.580864
v 31.106953 91.363884 33.954205
v 25.922020 92.553108 36.992016
v 20.860846 91.363899 40.231827
v 16.693945 87.977318 43.180393
v 14.055695 82.908928 45.388836
v 13.347741 76.930367 46.520931
v 14.677866 70.951805 46.404327
v 17.843567 65.883415 45.056782
v 22.362900 62.496834 42.683441
v 27.547834 61.307625 39.645630
v 32.609009 62.496834 36.405819
v 36.775906 65.883415 33.457249
v 39.414158 70.951805 31.248810
v 40.122105 76.930367 30.116716
v 39.248196 82.782387 32.588840
v 36.266167 87.556694 33.858200
v 32.009048 90.746788 36.093834
v 27.124950 91.867012 38.955395
v 22.357428 90.746803 42.007229
v 18.432293 87.556709 44.784718
v 15.947115 82.782402 46.865025
v 15.280237 77.150719 47.931438
v 16.533188 71.519035 47.821598
v 19.515213 66.744713 46.552238
v 23.772331 63.554619 44.316597
v 28.656433 62.434410 41.455044
v 33.423954 63.554619 38.403210
v 37.349087 66.744713 35.625717
v 39.834267 71.519020 33.545414
v 40.501141 77.150703 32.479004
v 39.177330 82.422157 35.089172
v 36.493576 86.718925 36.231564
v 32.662273 89.589928 38.243587
v 28.266701 90.598106 40.818920
v 23.976044 89.589943 43.565498
v 20.443514 86.718941 46.065174
v 18.206915 82.422173 47.937401
v 17.606741 77.353783 48.897144
v 18.734365 72.285408 48.798294
v 21.418119 67.988640 47.655895
v 25.249424 65.117622 45.643879
v 29.644999 64.109459 43.068546
v 33.935654 65.117622 40.321964
v 37.468178 67.988625 37.822289
v 39.704781 72.285393 35.950062
v 40.304955 77.353783 34.990318
v 38.582123 81.842079 37.638229
v 36.299778 85.496178 38.609753
v 33.041523 87.937767 40.320835
v 29.303396 88.795143 42.510975
v 25.654493 87.937767 44.846748
v 22.650324 85.496178 46.972546
v 20.748251 81.842079 48.564747
v 20.237844 77.531776 49.380943
v 21.196812 73.221474 49.296875
v 23.479155 69.567375 48.325352
v 26.737413 67.125786 46.614265
v 30.475542 66.268410 44.424126
v 34.124447 67.125771 42.088356
v 37.128613 69.567375 39.962555
v 39.030685 73.221474 38.370354
v 39.541088 77.531776 37.554161
v 37.485443 81.064430 40.138046
v 35.692219 83.935432 40.901371
v 33.132221 85.853783 42.245758
v 30.195194 86.527428 43.966541
v 27.328270 85.853798 45.801743
v 24.967911 83.935448 47.471977
v 23.473459 81.064445 48.722958
v 23.072437 77.677849 49.364239
v 23.825893 74.291267 49.298187
v 25.619120 71.420265 48.534866
v 28.179115 69.501915 47.190475
v 31.116142 68.828285 45.469696
v 33.983067 69.501915 43.634487
v 36.343430 71.420265 41.964256
v 37.837875 74.291267 40.713276
v 38.238899 77.677849 40.071999
v 35.929440 80.119118 42.492561
v 34.694244 82.096703 43.018349
v 32.930889 83.418083 43.944382
v 30.907827 83.882088 45.129677
v 28.933056 83.418083 46.393791
v 27.307211 82.096703 47.544262
v 26.277817 80.119118 48.405956
v 26.001585 77.786400 48.847675
v 26.520576 75.453682 48.802177
v 27.755772 73.476097 48.276394
v 29.519129 72.154716 47.350365
v 31.542187 71.690697 46.165066
v 33.516960 72.154716 44.900955
v 35.142803 73.476097 43.750481
v 36.172199 75.453682 42.888790
v 36.448425 77.786400 42.447067
v 33.973900 79.042442 44.611301
v 33.344204 80.050606 44.879341
v 32.445255 80.724251 45.351429
v 31.413908 80.960793 45.955688
v 30.407177 80.724251 46.600124
v 29.578329 80.050606 47.186634
v 29.053549 79.042442 47.625919
v 28.912727 77.853233 47.851105
v 29.177305 76.664024 47.827911
v 29.807003 75.655861 47.559868
v 30.705954 74.982231 47.087780
v 31.737303 74.745674 46.483524
v 32.744034 74.982231 45.839085
v 33.572880 75.655861 45.252579
v 34.097660 76.664024 44.813293
v 34.238480 77.853233 44.588104
v 19.371956 75.526619 26.301250
v 31.693985 77.875801 46.412823
v -21.888638 76.738396 24.886160
v -21.258938 77.746559 25.154203
v -20.359989 78.420189 25.626289
v -19.328640 78.656746 26.230549
v -18.321911 78.420189 26.874987
v -17.493065 77.746559 27.461494
v -16.968283 76.738396 27.900780
v -16.827459 75.549187 28.125969
v -17.092039 74.359978 28.102774
v -17.721741 73.351814 27.834728
v -18.620687 72.678185 27.362646
v -19.652035 72.441628 26.758387
v -20.658766 72.678185 26.113949
v -21.487610 73.351814 25.527441
v -22.012394 74.359978 25.088154
v -22.153215 75.549187 24.862968
v -24.545366 77.948753 23.911892
v -23.310171 79.926338 24.437679
v -21.546816 81.247719 25.363708
v -19.523756 81.711723 26.549007
v -17.548983 81.247719 27.813114
v -15.923141 79.926338 28.963591
v -14.893744 77.948753 29.825283
v -14.617515 75.616035 30.267004
v -15.136503 73.283318 30.221506
v -16.371698 71.305733 29.695719
v -18.135056 69.984352 28.769691
v -20.158117 69.520348 27.584393
v -22.132889 69.984352 26.320284
v -23.758732 71.305733 25.169807
v -24.788126 73.283318 24.308117
v -25.064356 75.616035 23.866396
v -27.240051 79.111153 23.415884
v -25.446821 81.982170 24.179205
v -22.886829 83.900520 25.523594
v -19.949800 84.574150 27.244379
v -17.082876 83.900520 29.079582
v -14.722516 81.982170 30.749813
v -13.228065 79.111168 32.000793
v -12.827043 75.724586 32.642075
v -13.580498 72.338005 32.576027
v -15.373723 69.466988 31.812702
v -17.933722 67.548637 30.468311
v -20.870750 66.875008 28.747528
v -23.737677 67.548637 26.912325
v -26.098032 69.466988 25.242092
v -27.592484 72.337990 23.991114
v -27.993504 75.724586 23.349833
v -29.869133 80.180946 23.417194
v -27.586788 83.835045 24.388721
v -24.328529 86.276649 26.099804
v -20.590403 87.134026 28.289946
v -16.941500 86.276649 30.625715
v -13.937333 83.835060 32.751518
v -12.035259 80.180962 34.343712
v -11.524855 75.870659 35.159912
v -12.483820 71.560356 35.075844
v -14.766165 67.906242 34.104317
v -18.024426 65.464653 32.393234
v -21.762548 64.607277 30.203094
v -25.411453 65.464653 27.867321
v -28.415619 67.906242 25.741520
v -30.317694 71.560341 24.149324
v -30.828096 75.870659 23.333130
v -32.331570 81.117012 23.915779
v -29.647825 85.413795 25.058172
v -25.816521 88.284798 27.070192
v -21.420946 89.292961 29.645527
v -17.130291 88.284798 32.392105
v -13.597764 85.413795 34.891785
v -11.361160 81.117027 36.764004
v -10.760988 76.048653 37.723751
v -11.888612 70.980263 37.624901
v -14.572366 66.683495 36.482506
v -18.403673 63.812492 34.470486
v -22.799246 62.804329 31.895149
v -27.089903 63.812492 29.148573
v -30.622429 66.683495 26.648895
v -32.859024 70.980263 24.776672
v -33.459206 76.048637 23.816927
v -34.532753 81.883385 24.892471
v -31.550728 86.657707 26.161833
v -27.293613 89.847801 28.397469
v -22.409513 90.968010 31.259026
v -17.641991 89.847801 34.310860
v -13.716858 86.657707 37.088352
v -11.231679 81.883400 39.168655
v -10.564800 76.251717 40.235065
v -11.817751 70.620033 40.125233
v -14.799780 65.845726 38.855873
v -19.056896 62.655632 36.620232
v -23.940994 61.535408 33.758675
v -28.708517 62.655617 30.706842
v -32.633652 65.845711 27.929350
v -35.118832 70.620033 25.849045
v -35.785702 76.251717 24.782635
v -36.388077 82.450630 26.309740
v -33.222374 87.519005 27.657288
v -28.703043 90.905602 30.030626
v -23.518112 92.094810 33.068439
v -18.456934 90.905602 36.308250
v -14.290037 87.519020 39.256817
v -11.651787 82.450645 41.465260
v -10.943832 76.472084 42.597359
v -12.273958 70.493507 42.480755
v -15.439661 65.425133 41.133205
v -19.958992 62.038536 38.759865
v -25.143925 60.849327 35.722054
v -30.205099 62.038536 32.482243
v -34.371998 65.425117 29.533674
v -37.010246 70.493507 27.325233
v -37.718204 76.472069 26.193138
v -37.826244 82.796898 28.113125
v -34.598522 87.964577 29.487070
v -29.990652 91.417519 31.906906
v -24.704140 92.630028 35.004230
v -19.543812 91.417519 38.307514
v -15.295278 87.964592 41.313850
v -12.605339 82.796913 43.565559
v -11.883516 76.701225 44.719830
v -13.239700 70.605537 44.600948
v -16.467424 65.437859 43.226997
v -21.075294 61.984917 40.807159
v -26.361805 60.772408 37.709831
v -31.522133 61.984917 34.406551
v -35.770668 65.437843 31.400217
v -38.460602 70.605522 29.148510
v -39.182426 76.701210 27.994238
v -38.791985 82.908913 30.233315
v -35.626286 87.977303 31.580864
v -31.106951 91.363884 33.954201
v -25.922022 92.553108 36.992016
v -20.860847 91.363899 40.231819
v -16.693947 87.977318 43.180393
v -14.055696 82.908928 45.388832
v -13.347742 76.930367 46.520931
v -14.677866 70.951805 46.404324
v -17.843569 65.883415 45.056782
v -22.362902 62.496834 42.683441
v -27.547834 61.307625 39.645626
v -32.609013 62.496834 36.405819
v -36.775906 65.883415 33.457245
v -39.414162 70.951805 31.248810
v -40.122112 76.930367 30.116713
v -39.248192 82.782402 32.588833
v -36.266167 87.556709 33.858196
v -32.009052 90.746803 36.093834
v -27.124950 91.867027 38.955395
v -22.357428 90.746819 42.007225
v -18.432297 87.556725 44.784718
v -15.947117 82.782417 46.865021
v -15.280238 77.150734 47.931435
v -16.533188 71.519051 47.821598
v -19.515217 66.744728 46.552238
v -23.772331 63.554634 44.316597
v -28.656433 62.434425 41.455040
v -33.423958 63.554634 38.403210
v -37.349087 66.744728 35.625717
v -39.834267 71.519035 33.545410
v -40.501137 77.150719 32.479004
v -39.177330 82.422173 35.089172
v -36.493576 86.718941 36.231564
v -32.662277 89.589943 38.243584
v -28.266701 90.598106 40.818916
v -23.976040 89.589943 43.565495
v -20.443514 86.718941 46.065174
v -18.206915 82.422173 47.937397
v -17.606739 77.353798 48.897141
v -18.734367 72.285408 48.798290
v -21.418119 67.988640 47.655895
v -25.249426 65.117638 45.643875
v -29.645000 64.109474 43.068542
v -33.935654 65.117638 40.321964
v -37.468182 67.988640 37.822285
v -39.704781 72.285408 35.950062
v -40.304958 77.353783 34.990318
v -38.582123 81.842079 37.638226
v -36.299778 85.496178 38.609749
v -33.041527 87.937782 40.320831
v -29.303394 88.795143 42.510971
v -25.654493 87.937782 44.846745
v -22.650326 85.496193 46.972546
v -20.748251 81.842094 48.564747
v -20.237844 77.531792 49.380939
v -21.196812 73.221489 49.296875
v -23.479156 69.567375 48.325348
v -26.737415 67.125786 46.614265
v -30.475542 66.268410 44.424126
v -34.124447 67.125786 42.088352
v -37.128613 69.567375 39.962551
v -39.030685 73.221474 38.370354
v -39.541088 77.531776 37.554157
v -37.485439 81.064430 40.138042
v -35.692219 83.935448 40.901367
v -33.132225 85.853798 42.245758
v -30.195194 86.527428 43.966541
v -27.328272 85.853798 45.801743
v -24.967913 83.935448 47.471973
v -23.473461 81.064445 48.722954
v -23.072437 77.677864 49.364239
v -23.825893 74.291267 49.298187
v -25.619123 71.420265 48.534866
v -28.179115 69.501915 47.190475
v -31.116144 68.828285 45.469688
v -33.983070 69.501915 43.634483
v -36.343430 71.420265 41.964256
v -37.837872 74.291267 40.713276
v -38.238895 77.677849 40.071995
v -35.929440 80.119118 42.492561
v -34.694248 82.096703 43.018345
v -32.930889 83.418083 43.944382
v -30.907827 83.882088 45.129677
v -28.933056 83.418083 46.393787
v -27.307213 82.096703 47.544258
v -26.277815 80.119118 48.405952
v -26.001587 77.786400 48.847675
v -26.520576 75.453682 48.802177
v -27.755774 73.476097 48.276394
v -29.519129 72.154716 47.350361
v -31.542189 71.690712 46.165066
v -33.516960 72.154716 44.900955
v -35.142803 73.476097 43.750481
v -36.172199 75.453682 42.888786
v -36.448429 77.786400 42.447063
v -33.973904 79.042458 44.611294
v -33.344208 80.050621 44.879337
v -32.445255 80.724251 45.351425
v -31.413908 80.960808 45.955685
v -30.407179 80.724251 46.600121
v -29.578329 80.050621 47.186630
v -29.053549 79.042458 47.625916
v -28.912727 77.853249 47.851101
v -29.177305 76.664040 47.827908
v -29.807007 75.655876 47.559864
v -30.705956 74.982246 47.087776
v -31.737303 74.745689 46.483521
v -32.744030 74.982246 45.839081
v -33.572880 75.655876 45.252575
v -34.097664 76.664040 44.813290
v -34.238483 77.853249 44.588100
v -19.371956 75.526619 26.301249
v -31.693989 77.875816 46.412823
v 0.000000 59.183105 52.632084
v 0.000000 57.043182 49.924854
v 2.541513 57.080582 49.725513
v 3.245990 59.001862 51.861748
v -3.245990 59.001862 51.861748
v -2.541513 57.080582 49.725513
v 0.000000 54.231888 50.143555
v 3.332412 54.472122 50.010975
v -3.332412 54.472122 50.010975
v 6.167296 55.299622 49.742901
v 5.938831 57.567398 49.309544
v -5.938831 57.567398 49.309544
v -6.167296 55.299622 49.742901
v 6.497526 58.899612 50.211868
v -6.497526 58.899612 50.211868
v 8.315983 57.930939 48.659866
v 8.670331 58.901382 48.916969
v -8.670331 58.901382 48.916969
v -8.315983 57.930939 48.659866
v 9.023146 56.597275 48.722115
v -9.023146 56.597275 48.722115
v 10.149155 58.500977 48.014366
v -10.149155 58.500977 48.014366
v 9.103636 59.669250 48.843094
v 6.637315 59.654770 50.185024
v -6.637315 59.654770 50.185024
v -9.103636 59.669250 48.843094
v 3.351764 59.701859 51.783112
v -3.351764 59.701859 51.783112
v 0.000000 59.927399 52.509377
v 9.540119 55.766693 48.178341
v 6.317718 54.155197 49.042469
v -6.317718 54.155197 49.042469
v -9.540119 55.766693 48.178341
v 3.973767 53.328415 49.182194
v -3.973767 53.328415 49.182194
v 0.000000 52.707062 49.085327
v 11.361202 58.759293 47.560883
v -11.361202 58.759293 47.560883
v 14.918912 69.179703 46.364487
v 11.401566 65.888672 47.517120
v 22.736305 56.915482 42.682583
v 24.465292 61.445587 43.083714
v -24.465292 61.445587 43.083714
v -22.736305 56.915482 42.682583
v -11.401566 65.888672 47.517120
v -14.918912 69.179703 46.364487
v 37.811211 58.423080 32.804169
v 36.519783 63.255249 34.578442
v -36.519783 63.255249 34.578442
v -37.811211 58.423080 32.804169
v 42.300423 65.631805 26.250698
v 39.899979 68.819656 29.595390
v -39.899979 68.819656 29.595390
v -42.300423 65.631805 26.250698
v 42.277149 76.405075 22.928320
v 40.713356 76.970551 27.208281
v -40.713356 76.970551 27.208281
v -42.277149 76.405075 22.928320
v 36.679779 91.295654 27.436455
v 36.532524 88.966904 31.621735
v -36.532524 88.966904 31.621735
v -36.679779 91.295654 27.436455
v 28.294430 96.418869 33.489025
v 29.050495 93.562042 36.373486
v -29.050495 93.562042 36.373486
v -28.294430 96.418869 33.489025
v 18.658989 95.338928 38.987854
v 20.266724 93.033813 40.623981
v -20.266724 93.033813 40.623981
v -18.658989 95.338928 38.987854
v 12.727879 89.054871 41.837772
v 14.296115 88.119446 42.220329
v -14.296115 88.119446 42.220329
v -12.727879 89.054871 41.837772
v 9.156852 78.295380 45.625782
v 11.631824 78.098648 45.115749
v -11.631824 78.098648 45.115749
v -9.156852 78.295380 45.625782
v 12.714061 72.780426 46.535248
v 9.337770 71.368256 47.456562
v -12.714061 72.780426 46.535248
v -9.337770 71.368256 47.456562
v 20.438471 63.356461 45.115204
v 17.480551 59.325836 45.259567
v -20.438471 63.356461 45.115204
v -17.480551 59.325836 45.259567
v 13.901790 62.367706 46.729603
v 17.270798 65.927612 46.270363
v -13.901790 62.367706 46.729603
v -17.270798 65.927612 46.270363
v 28.564020 60.904633 40.466881
v 28.298655 56.180923 39.609135
v -28.564020 60.904633 40.466881
v -28.298655 56.180923 39.609135
v 33.264812 61.560791 37.230911
v 33.564129 56.689758 36.242275
v -33.264812 61.560791 37.230911
v -33.564129 56.689758 36.242275
v 38.631126 65.909775 31.977907
v 40.910824 61.301971 29.259321
v -38.631126 65.909775 31.977907
v -40.910824 61.301971 29.259321
v 40.377949 72.541901 27.892578
v 42.631462 70.572159 23.517393
v -40.377949 72.541901 27.892578
v -42.631462 70.572159 23.517393
v 32.966198 91.842590 34.166080
v 32.850132 94.583313 30.180593
v -32.966198 91.842590 34.166080
v -32.850132 94.583313 30.180593
v 23.626984 96.620300 36.972195
v 24.693682 94.306320 38.732304
v -23.626984 96.620300 36.972195
v -24.693682 94.306320 38.732304
v 17.154411 90.822052 41.616005
v 15.670452 92.597137 40.867870
v -17.154411 90.822052 41.616005
v -15.670452 92.597137 40.867870
v 11.795882 83.967621 43.438984
v 10.269516 84.254211 43.416336
v -11.795882 83.967621 43.438984
v -10.269516 84.254211 43.416336
v 0.000000 71.411743 49.418308
v 0.000000 78.058136 47.412090
v -3.201292 78.044266 47.229404
v -3.084785 71.694580 49.084148
v 3.201292 78.044266 47.229404
v 3.084785 71.694580 49.084148
v -6.031296 71.415833 48.403950
v -5.933451 78.382858 46.596428
v 6.031296 71.415833 48.403950
v 5.933451 78.382858 46.596428
v 6.376496 66.236725 49.409744
v 3.179746 66.253967 50.436932
v 0.000000 66.276016 50.818260
v -3.179746 66.253967 50.436932
v -6.376496 66.236725 49.409744
v -14.825816 55.587997 45.284386
v -11.258576 53.335236 46.454308
v 11.258576 53.335236 46.454308
v 14.825816 55.587997 45.284386
v -4.042663 50.335922 47.666626
v 0.000000 49.839127 47.665165
v 4.042663 50.335922 47.666626
v -7.669587 51.675903 47.378216
v 7.669587 51.675903 47.378216
v -20.500055 50.706512 42.261662
v 20.500055 50.706512 42.261662
v -28.109350 50.295319 38.624470
v 28.109350 50.295319 38.624470
v 14.437866 48.025009 44.561771
v -14.437866 48.025009 44.561771
v 9.525907 46.466217 45.946774
v -9.525907 46.466217 45.946774
v 4.863630 45.303314 46.666542
v -4.863630 45.303314 46.666542
v 0.000000 44.856995 46.911095
v -22.924969 42.598846 41.444294
v -16.716934 41.181931 43.949337
v 16.716934 41.181931 43.949337
v 22.924969 42.598846 41.444294
v -29.504961 43.204376 37.736256
v 29.504961 43.204376 37.736256
v -10.988727 39.994232 45.547756
v 10.988727 39.994232 45.547756
v -5.501449 39.134140 46.467175
v 5.501449 39.134140 46.467175
v 0.000000 38.838272 46.758572
v -34.042225 50.994492 34.638996
v 34.042225 50.994492 34.638996
v -40.201073 80.992111 28.090324
v -41.324478 81.850800 24.053041
v 40.201073 80.992111 28.090324
v 41.324478 81.850800 24.053041
v -38.765850 85.195343 29.752291
v -39.566795 86.833298 25.312742
v 38.765850 85.195343 29.752291
v 39.566795 86.833298 25.312742
v -3.706282 83.694763 44.808807
v -7.097978 84.193222 44.015488
v 7.097978 84.193222 44.015488
v 3.706282 83.694763 44.808807
v 0.000000 83.698059 44.908291
v -8.733699 87.871719 41.026176
v 8.733699 87.871719 41.026176
v -4.410130 87.885422 41.520409
v 4.410130 87.885422 41.520409
v 0.000000 87.929794 41.576408
v -45.875759 43.887451 18.829292
v -44.918583 41.477722 21.250116
v -43.468761 55.527328 25.677603
v -46.160034 53.282333 21.082365
v 46.160034 53.282333 21.082365
v 43.468761 55.527328 25.677603
v 44.918583 41.477722 21.250116
v 45.875759 43.887451 18.829292
v -44.892517 39.971375 8.496692
v -43.827396 35.429062 9.184793
v 43.827396 35.429062 9.184793
v 44.892517 39.971375 8.496692
v -46.106674 48.340820 20.913116
v -44.525734 47.499039 24.249283
v 46.106674 48.340820 20.913116
v 44.525734 47.499039 24.249283
v -45.013748 36.776489 16.013004
v -45.305157 40.749939 13.286991
v 45.013748 36.776489 16.013004
v 45.305157 40.749939 13.286991
v -43.705719 67.651474 17.227583
v -45.672684 61.718781 14.833457
v 45.672684 61.718781 14.833457
v 43.705719 67.651474 17.227583
v -45.881687 58.380203 18.850113
v -44.160088 61.894882 21.968887
v 45.881687 58.380203 18.850113
v 44.160088 61.894882 21.968887
v -42.331593 65.739243 -0.535337
v -44.422813 61.981339 2.909382
v 44.422813 61.981339 2.909382
v 42.331593 65.739243 -0.535337
v -45.065575 63.337723 8.935112
v -43.398590 68.604630 9.403026
v 45.065575 63.337723 8.935112
v 43.398590 68.604630 9.403026
v -42.175003 54.683792 -7.221666
v -44.301853 54.426041 -2.624397
v 44.301853 54.426041 -2.624397
v 42.175003 54.683792 -7.221666
v -44.391396 58.753540 -0.621820
v -42.105030 60.513535 -4.806502
v 44.391396 58.753540 -0.621820
v 42.105030 60.513535 -4.806502
v -41.013039 39.408051 -5.545410
v -43.413620 43.841431 -0.580721
v 43.413620 43.841431 -0.580721
v 41.013039 39.408051 -5.545410
v -43.749916 41.376404 3.520783
v -42.611275 36.211884 2.219805
v 43.749916 41.376404 3.520783
v 42.611275 36.211884 2.219805
v -44.035934 48.784073 -2.910109
v -42.003548 47.615753 -7.624141
v 44.035934 48.784073 -2.910109
v 42.003548 47.615753 -7.624141
v -39.030685 52.655182 30.540739
v 39.030685 52.655182 30.540739
v -35.349335 44.192947 33.328678
v 35.349335 44.192947 33.328678
v -40.481186 45.728531 28.706930
v 40.481186 45.728531 28.706930
v -41.776196 75.942978 15.517962
v 41.776196 75.942978 15.517962
v -40.012226 82.041138 17.224569
v 40.012226 82.041138 17.224569
v -30.648237 94.546768 24.744051
v -34.441196 91.474136 22.168583
v 34.441196 91.474136 22.168583
v 30.648237 94.546768 24.744051
v -37.666122 87.376663 19.538223
v 37.666122 87.376663 19.538223
v -16.881887 96.163696 30.091295
v -21.209387 96.888901 28.957684
v 21.209387 96.888901 28.957684
v 16.881887 96.163696 30.091295
v -26.447058 96.470016 27.381760
v 26.447058 96.470016 27.381760
v -5.673625 94.960617 28.226910
v -5.576327 92.986435 33.536938
v 0.000000 93.335159 33.458218
v 0.000000 95.577606 28.165167
v 5.576327 92.986435 33.536938
v 5.673625 94.960617 28.226910
v -11.723172 93.068588 34.792511
v -11.449623 94.580933 28.696571
v 11.723172 93.068588 34.792511
v 11.449623 94.580933 28.696571
v 10.605842 90.672928 38.362244
v 5.131564 90.675293 37.853245
v 0.000000 90.814499 37.805218
v -5.131564 90.675293 37.853245
v -10.605842 90.672928 38.362244
v -41.061291 76.294250 9.122604
v 41.061291 76.294250 9.122604
v -39.486431 76.632858 1.963921
v 39.486431 76.632858 1.963921
v -26.713190 78.191605 -8.548851
v -29.197376 71.070557 -12.678508
v 29.197376 71.070557 -12.678508
v 26.713190 78.191605 -8.548851
v -34.643040 77.394104 -4.605603
v -37.806007 68.463745 -7.287231
v 34.643040 77.394104 -4.605603
v 37.806007 68.463745 -7.287231
v 0.000000 42.759369 -30.456371
v 9.167753 41.119186 -31.288620
v -9.167753 41.119186 -31.288620
v 6.151022 18.301994 -12.610752
v 0.000000 19.100494 -12.819724
v -6.151022 18.301994 -12.610752
v 19.832436 72.556595 -16.310722
v 9.978544 73.063889 -18.197136
v 9.148059 79.013214 -12.624949
v 18.089088 78.713379 -11.105977
v -18.089088 78.713379 -11.105977
v -9.148059 79.013214 -12.624949
v -9.978544 73.063889 -18.197136
v -19.832436 72.556595 -16.310722
v 0.000000 73.498779 -19.234119
v 0.000000 79.293594 -13.360436
v -38.606895 82.802719 10.927820
v 38.606895 82.802719 10.927820
v -16.556862 85.126968 -6.415042
v 16.556862 85.126968 -6.415042
v -24.478594 85.216797 -4.749033
v 24.478594 85.216797 -4.749033
v -36.381641 83.985886 4.557621
v 36.381641 83.985886 4.557621
v -31.706886 84.909271 -1.281156
v 31.706886 84.909271 -1.281156
v -8.311198 84.866669 -7.371600
v 8.311198 84.866669 -7.371600
v 0.000000 84.918640 -7.881054
v 0.000000 90.898148 -3.242971
v 7.652473 90.908081 -2.950976
v -7.652473 90.908081 -2.950976
v -35.632778 88.230972 13.600492
v 35.632778 88.230972 13.600492
v -33.127907 89.620712 7.782447
v 33.127907 89.620712 7.782447
v -22.326717 91.423386 -0.440650
v -15.123853 91.602158 -2.472217
v 22.326717 91.423386 -0.440650
v 15.123853 91.602158 -2.472217
v -28.943657 91.134583 3.108735
v 28.943657 91.134583 3.108735
v 0.000000 95.564850 2.477534
v 6.996819 95.655212 2.912704
v -6.996819 95.655212 2.912704
v -32.110855 92.172684 16.618265
v 32.110855 92.172684 16.618265
v -29.697496 93.592865 12.010615
v 29.697496 93.592865 12.010615
v -20.298609 95.516968 5.823907
v -13.699062 95.502426 3.635975
v 20.298609 95.516968 5.823907
v 13.699062 95.502426 3.635975
v -25.747890 94.977142 7.943784
v 25.747890 94.977142 7.943784
v -11.299175 95.937378 22.679117
v -5.762095 96.645248 22.215685
v 0.000000 97.178909 22.307762
v 5.762095 96.645248 22.215685
v 11.299175 95.937378 22.679117
v -11.621926 96.881088 16.386351
v -6.030300 97.598511 16.198215
v 0.000000 98.220764 15.932442
v 6.030300 97.598511 16.198215
v 11.621926 96.881088 16.386351
v -12.557708 97.059479 10.518207
v -6.410419 97.511932 9.442920
v 0.000000 97.734100 9.359895
v 6.410419 97.511932 9.442920
v 12.557708 97.059479 10.518207
v -16.378696 96.576401 22.953621
v 16.378696 96.576401 22.953621
v -20.917385 96.711273 23.051701
v 20.917385 96.711273 23.051701
v -24.863321 96.321014 21.905008
v 24.863321 96.321014 21.905008
v -28.613327 94.855057 19.758633
v 28.613327 94.855057 19.758633
v -26.362547 95.616455 15.557115
v -24.112759 96.331284 18.534742
v 24.112759 96.331284 18.534742
v 26.362547 95.616455 15.557115
v -22.941799 96.455658 13.281809
v 22.941799 96.455658 13.281809
v -18.030788 96.801315 11.305978
v 18.030788 96.801315 11.305978
v -16.838009 96.934525 17.286274
v 16.838009 96.934525 17.286274
v -21.152061 96.733353 17.723133
v 21.152061 96.733353 17.723133
v -20.434416 39.855316 -29.313841
v 20.434416 39.855316 -29.313841
v -30.541670 39.394440 -22.778227
v 30.541670 39.394440 -22.778227
v -36.397854 39.079605 -14.450415
v 36.397854 39.079605 -14.450415
v 38.059307 62.250870 -10.446530
v 30.808098 64.349030 -16.666220
v 21.216663 65.979813 -21.153940
v 10.739461 66.859818 -23.559443
v 0.000000 67.219223 -24.472414
v -10.739461 66.859818 -23.559443
v -21.216663 65.979813 -21.153940
v -30.808098 64.349030 -16.666220
v -38.059307 62.250870 -10.446530
v -38.123394 55.411102 -12.916932
v -31.939323 56.835571 -19.582348
v -22.211552 58.424622 -25.586302
v -10.898284 59.245987 -28.327232
v 0.000000 59.696182 -28.094921
v 10.898284 59.245987 -28.327232
v 22.211552 58.424622 -25.586302
v 31.939323 56.835571 -19.582348
v 38.123394 55.411102 -12.916932
v -37.707912 47.940750 -14.154220
v -32.301338 48.664490 -21.178022
v -22.196075 50.295532 -28.482229
v -10.388170 50.893448 -31.130713
v 0.000000 51.486801 -30.069048
v 10.388170 50.893448 -31.130713
v 22.196075 50.295532 -28.482229
v 32.301338 48.664490 -21.178022
v 37.707912 47.940750 -14.154220
v -8.725785 31.078949 -28.016922
v 0.000000 32.620514 -26.736507
v 8.725785 31.078949 -28.016922
v -7.918709 23.294060 -20.955011
v 0.000000 24.681793 -20.465490
v 7.918709 23.294060 -20.955011
v -18.635561 29.910065 -25.902632
v -27.842222 29.752151 -20.364910
v 27.842222 29.752151 -20.364910
v 18.635561 29.910065 -25.902632
v -33.672928 30.355804 -13.208695
v -37.921696 30.344116 -5.599853
v 37.921696 30.344116 -5.599853
v 33.673214 30.355804 -13.208695
v -40.418346 29.352783 2.134939
v 40.418346 29.352783 2.134939
v -42.001629 29.014465 10.125761
v 42.001629 29.014465 10.125761
v -42.078102 30.509384 19.990114
v 42.078102 30.509384 19.990114
v -6.075327 32.141647 45.728683
v 0.000000 31.934311 46.170341
v 6.075327 32.141647 45.728683
v -24.460356 34.733536 39.974194
v -18.217737 33.707794 42.767105
v 18.217737 33.707794 42.767105
v 24.460356 34.733536 39.974194
v -30.692028 35.641449 36.096588
v 30.692028 35.641449 36.096588
v -12.095224 32.777771 44.595829
v 12.095224 32.777771 44.595829
v -36.668709 36.759552 31.339983
v 36.668709 36.759552 31.339983
v -41.885357 38.588043 25.998924
v 41.885357 38.588043 25.998924
v -9.428417 9.129913 -3.607720
v -10.376761 12.581520 -5.522050
v -1.786103 13.721756 3.833904
v -4.108179 9.137489 5.218897
v 4.108180 9.137489 5.218897
v 1.786104 13.721756 3.833904
v 10.376761 12.581520 -5.522050
v 9.428417 9.129913 -3.607719
v -19.557970 9.126518 -4.176314
v -21.711760 12.565552 -5.434152
v 21.711760 12.565552 -5.434152
v 19.557970 9.126518 -4.176314
v -6.035221 9.130806 0.241413
v -4.998924 12.707886 -2.007438
v 6.035221 9.130806 0.241413
v 4.998922 12.707886 -2.007440
v -14.402653 9.129761 -5.098326
v -15.988607 12.570778 -6.346459
v 14.402653 9.129761 -5.098326
v 15.988603 12.570770 -6.346456
v -27.148537 9.108315 3.254686
v -29.740139 12.560936 3.070173
v 29.740139 12.560936 3.070173
v 27.148540 9.108322 3.254686
v -26.509014 12.563400 -1.984774
v -24.061428 9.115822 -1.278682
v 26.509012 12.563400 -1.984774
v 24.061428 9.115822 -1.278682
v -27.481943 9.098099 8.609160
v -30.367620 12.551270 9.050614
v 30.367620 12.551270 9.050614
v 27.481947 9.098099 8.609160
v -25.216185 9.111038 13.178887
v -28.286554 12.531929 14.466698
v 28.286554 12.531929 14.466698
v 25.216185 9.111038 13.178888
v -5.396189 9.164032 18.803877
v -3.479023 11.283409 23.478687
v 3.479021 11.283409 23.478687
v 5.396187 9.164032 18.803875
v -13.082627 10.995552 26.684704
v -11.612827 8.871994 22.015671
v 13.082624 10.995544 26.684704
v 11.612827 8.871994 22.015671
v -3.758525 9.143875 14.620156
v -1.153673 12.255806 16.436880
v 1.153673 12.255806 16.436880
v 3.758525 9.143875 14.620157
v -3.341809 9.144966 10.141836
v -0.808113 12.918709 10.222655
v 3.341810 9.144958 10.141835
v 0.808113 12.918709 10.222655
v 0.000000 14.628334 -1.463409
v 0.000000 13.610207 3.590481
v 0.000000 12.556450 10.046089
v 0.000000 11.850586 16.761505
v 0.000000 11.615479 23.761541
v -37.274815 22.048195 17.894670
v -37.987305 22.185081 9.940098
v -36.707626 22.625107 2.469590
v -33.817127 23.186676 -4.372830
v -29.382441 23.240883 -10.627995
v -23.255323 23.206390 -15.452321
v -15.891313 23.112144 -18.877844
v 37.274815 22.048195 17.894670
v 37.987305 22.185081 9.940098
v 36.707626 22.625107 2.469590
v 33.817123 23.186676 -4.372830
v 29.382441 23.240883 -10.627995
v 23.255323 23.206390 -15.452321
v 15.891313 23.112144 -18.877844
v -32.466335 16.522491 16.009554
v -33.620586 16.363602 9.429370
v -32.813305 16.614212 2.827689
v -29.809109 17.113617 -3.009351
v -25.246500 17.644539 -7.631164
v -19.554962 18.393181 -10.430101
v -13.149728 18.582344 -12.112435
v 32.466335 16.522491 16.009554
v 33.620586 16.363602 9.429370
v 32.813305 16.614212 2.827689
v 29.809107 17.113617 -3.009351
v 25.246500 17.644539 -7.631164
v 19.554962 18.393181 -10.430101
v 13.149728 18.582344 -12.112435
v 6.191452 24.880112 43.147144
v 0.000000 24.690308 43.503014
v -6.191452 24.880112 43.147144
v -24.289568 27.404709 36.993603
v -18.314096 26.491364 39.910408
v 18.314096 26.491364 39.910408
v 24.289568 27.404709 36.993603
v -30.346851 28.173737 33.136116
v 30.346853 28.173737 33.136116
v -12.356381 25.528809 42.106052
v 12.356381 25.528809 42.106052
v -36.485138 28.956635 28.031401
v 36.485138 28.956635 28.031401
v 4.879033 13.699043 31.936850
v -0.000004 13.562820 31.947826
v -4.879052 13.699036 31.936882
v -15.513037 14.488701 31.937569
v 15.513035 14.488701 31.937571
v -10.229436 14.197823 32.770813
v -8.581925 11.065392 26.777111
v -8.289990 9.047173 21.451857
v 10.229419 14.197823 32.770775
v 8.581924 11.065392 26.777111
v 8.289989 9.047173 21.451859
v -14.878774 8.808716 21.261082
v -17.063276 11.113136 25.001734
v -20.416023 14.966728 29.685902
v 14.878775 8.808723 21.261086
v 17.063274 11.113136 25.001734
v 20.416407 14.966736 29.685902
v -17.312704 19.067436 36.181335
v -11.698403 18.498764 37.790451
v -5.892247 18.112473 38.671314
v -0.000005 17.973755 38.889835
v 5.892225 18.112473 38.671265
v 11.698378 18.498764 37.790390
v 17.312704 19.067436 36.181335
v -28.377758 20.730240 29.968790
v -22.859844 19.758751 33.504124
v 22.860437 19.758797 33.504124
v 28.378353 20.730324 29.968790
v -33.718128 21.451447 24.974186
v 33.718128 21.451447 24.974186
v -25.211016 15.822426 26.457304
v -20.907284 11.630592 22.380505
v -18.121946 8.910706 19.531792
v 25.211407 15.822426 26.457300
v 20.907284 11.630585 22.380505
v 18.121946 8.910698 19.531790
v -21.829205 9.120087 16.550947
v -24.863836 12.333855 18.778021
v -29.352493 16.248634 21.705004
v 21.829205 9.120087 16.550947
v 24.863834 12.333862 18.778021
v 29.352489 16.248634 21.705004
v -58.696098 47.759964 14.258130
v -58.107048 44.280136 13.901277
v 57.046787 41.957535 12.686375
v 57.819351 44.570007 14.102263
v -57.181660 41.362640 12.108117
v -56.103214 39.585327 9.233809
v 54.989105 39.314240 6.087639
v 56.157337 39.777191 9.724944
v 58.699936 48.194122 14.066265
v -55.085312 39.300217 5.847642
v -58.488228 53.674866 10.678678
v -58.832138 51.112900 13.107998
v 58.669083 51.963272 12.440999
v 58.081146 54.125839 10.142073
v -56.714577 54.653320 4.065160
v -57.732479 54.938431 7.451326
v 57.252216 55.121613 7.108256
v 56.351685 54.570572 3.826793
v -54.710743 49.958511 -0.602309
v -55.636135 52.876007 1.190851
v 55.180569 52.662506 1.038610
v 54.326099 49.749039 -0.575729
v -53.985653 43.125748 0.190970
v -54.121693 46.478683 -0.959162
v 53.936234 46.234268 -0.809185
v -54.329563 40.563782 2.620291
v 53.973198 42.881470 0.441038
v 54.353157 40.351883 2.990832
v 61.137665 49.871536 8.807200
v 61.049465 46.178406 10.620481
v -61.049465 46.178406 10.620481
v -61.137665 49.871536 8.807200
v 60.586983 44.146500 6.085597
v 60.570496 48.181320 4.441818
v -60.586983 44.146500 6.085597
v -60.570496 48.181320 4.441818
v 57.971050 46.549255 0.918973
v 57.876453 43.012589 2.272061
v -57.971050 46.549255 0.918973
v -57.876453 43.012589 2.272061
v 49.461037 43.398315 16.129467
v 50.103546 47.393066 18.177689
v 50.443188 51.913635 18.301029
v 50.412689 56.064667 16.475060
v 50.018097 59.023987 13.061438
v 49.337559 60.205475 8.736272
v 48.505863 59.375122 4.356215
v 47.687744 56.697388 0.788789
v 47.045235 52.702637 -1.259432
v 46.705593 48.182068 -1.382772
v 46.736088 44.031036 0.443196
v 47.130684 41.071716 3.856819
v 47.983173 39.881790 8.078712
v 48.816986 40.725525 12.562584
v -49.461037 43.398315 16.129467
v -50.103546 47.393066 18.177689
v -50.443188 51.913635 18.301029
v -50.412689 56.064667 16.475060
v -50.018097 59.023987 13.061438
v -49.337559 60.205475 8.736272
v -48.505863 59.375122 4.356215
v -47.687744 56.697388 0.788789
v -47.045235 52.702637 -1.259432
v -46.705593 48.182068 -1.382772
v -46.736088 44.031036 0.443196
v -47.130684 41.071716 3.856819
v -47.983173 39.881790 8.078712
v -48.816986 40.725525 12.562584
v 53.483028 42.090073 14.005991
v 54.665009 46.298859 16.204018
v 54.949196 50.160355 16.396212
v 54.893341 53.662262 14.979901
v 54.531780 56.277618 12.184189
v 53.460915 57.664154 7.907195
v 52.584133 57.190689 4.376103
v 51.706795 54.960724 1.299212
v 50.594902 51.009735 -0.877457
v 50.236256 47.086929 -1.037442
v 50.335037 43.466522 0.364882
v 50.834026 40.604080 3.163707
v 51.858173 39.204636 7.560844
v 52.753647 39.780334 11.348417
v -53.260464 41.980713 13.868779
v -54.384861 46.076523 16.193499
v -54.781002 49.936005 16.461771
v -54.840847 53.463394 15.112672
v -54.611248 56.126587 12.367034
v -53.609287 57.657364 8.129406
v -52.814781 57.266678 4.542017
v -51.993271 55.104645 1.403497
v -50.811314 51.238068 -0.886708
v -50.380901 47.292023 -1.121122
v -50.398563 43.645874 0.222128
v -50.810982 40.742722 2.980596
v -51.664127 39.249619 7.347569
v -52.528484 39.751282 11.161201
v 56.863697 40.490311 4.635386
v 58.787907 41.232162 7.951122
v 59.383438 42.953201 11.753355
v -56.863697 40.490311 4.635386
v -58.787907 41.232162 7.951122
v -59.383438 42.953201 11.753355
v 59.646286 53.045746 7.305660
v 58.967442 51.320541 3.688063
v 57.097466 49.448608 0.578518
v -59.646286 53.045746 7.305660
v -58.967442 51.320541 3.688063
v -57.097466 49.448608 0.578518
v 7.140611 0.381355 1.478011
v 13.592623 0.381348 8.393433
v 5.750437 0.381371 9.900833
v 6.244087 0.381371 5.904628
v -6.244087 0.381371 5.904628
v -5.750437 0.381371 9.900833
v -13.592623 0.381348 8.393433
v -7.140611 0.381355 1.478011
v 6.927619 0.381363 15.521445
v 5.740784 0.381371 13.185228
v -5.740784 0.381371 13.185228
v -6.927620 0.381363 15.521445
v 18.247429 0.381348 16.948465
v 20.424049 0.381355 13.294131
v -20.424049 0.381355 13.294131
v -18.247429 0.381348 16.948465
v 21.264427 0.381348 6.276602
v 21.366604 0.381355 10.037250
v -21.366604 0.381355 10.037250
v -21.264427 0.381348 6.276602
v 18.128674 0.381348 0.236298
v 20.096947 0.381348 2.572623
v -20.096947 0.381348 2.572623
v -18.128674 0.381348 0.236298
v 12.192734 0.381355 -2.544664
v 15.640435 0.381348 -2.025440
v -15.640435 0.381348 -2.025440
v -12.192734 0.381355 -2.544664
v 8.890605 0.381355 -1.691057
v -8.890605 0.381355 -1.691057
v 15.959603 0.381355 18.856310
v -15.959603 0.381355 18.856310
v 12.021106 0.381355 19.326603
v -12.021106 0.381355 19.326603
v 9.541730 0.381355 18.543060
v -9.541730 0.381355 18.543060
v -21.155550 6.099869 15.755131
v -17.906723 6.139755 18.745537
v -14.795918 6.140732 20.391417
v -11.296772 6.196213 21.066526
v -8.144873 6.249245 20.317413
v -5.618837 6.306290 17.457214
v -4.445479 6.165047 13.955932
v -4.266893 6.149414 10.096809
v -4.750035 6.130539 5.614614
v -5.813039 6.099792 0.963717
v -8.603211 6.058594 -3.100913
v -13.427816 6.014511 -4.634001
v -18.116220 6.031242 -3.544277
v -22.282207 5.939293 -0.908988
v -25.118345 5.886108 3.271754
v -25.499311 5.944382 8.132270
v -23.761372 6.047935 12.335097
v 21.155548 6.099869 15.755129
v 17.906727 6.139755 18.745543
v 14.795913 6.140732 20.391417
v 11.296769 6.196213 21.066528
v 8.144869 6.249252 20.317415
v 5.618837 6.306290 17.457214
v 4.445479 6.165047 13.955933
v 4.266892 6.149414 10.096809
v 4.750036 6.130539 5.614614
v 5.813039 6.099792 0.963717
v 8.603212 6.058594 -3.100910
v 13.427816 6.014511 -4.634001
v 18.116220 6.031242 -3.544277
v 22.282211 5.939293 -0.908988
v 25.118345 5.886108 3.271754
v 25.499311 5.944382 8.132271
v 23.761372 6.047935 12.335098
v -18.294586 2.950890 18.124514
v -20.989498 2.953087 14.897205
v -22.644978 2.951935 11.348110
v -23.563932 2.943741 7.419954
v -22.997728 2.934837 3.075617
v -20.477196 2.947311 -0.494956
v -16.846031 2.951218 -2.921946
v -12.701725 2.951271 -3.994462
v -8.289036 2.950714 -2.725120
v -5.848317 2.950920 1.238600
v -5.324696 2.950714 5.789729
v -5.015413 2.950554 10.018511
v -4.999854 2.950623 13.519311
v -5.830607 2.952156 16.565920
v -8.412795 2.952087 19.729216
v -11.463651 2.951172 20.553654
v -15.394425 2.951126 19.897408
v 18.294586 2.950897 18.124519
v 20.989498 2.953087 14.897202
v 22.644974 2.951935 11.348110
v 23.563934 2.943741 7.419955
v 22.997728 2.934837 3.075617
v 20.477196 2.947311 -0.494956
v 16.846031 2.951218 -2.921946
v 12.701725 2.951271 -3.994462
v 8.289038 2.950706 -2.725114
v 5.848317 2.950920 1.238600
v 5.324698 2.950706 5.789729
v 5.015413 2.950554 10.018511
v 4.999854 2.950623 13.519311
v 5.830607 2.952156 16.565920
v 8.412789 2.952095 19.729219
v 11.463650 2.951172 20.553658
v 15.394425 2.951126 19.897408
v 34.974358 69.010559 31.916445
v 33.066578 67.519974 33.668606
v -33.066578 67.519974 33.668606
v -34.974358 69.010559 31.916445
v 30.637140 66.535767 35.793854
v -30.637140 66.535767 35.793854
v 27.643284 66.013092 38.047726
v -27.643284 66.013092 38.047726
v 24.377363 66.391769 39.669781
v -24.377363 66.391769 39.669781
v 21.389513 67.543564 40.740906
v -21.389513 67.543564 40.740906
v 18.843281 69.162155 41.215721
v -18.843281 69.162155 41.215721
v 17.086134 71.334030 41.201420
v -17.086134 71.334030 41.201420
v 16.278471 81.635361 39.927780
v 17.636353 84.976456 39.898197
v -17.636353 84.976456 39.898197
v -16.278471 81.635361 39.927780
v 15.686883 77.840698 40.354660
v -15.686883 77.840698 40.354660
v 15.997125 74.322327 40.904297
v -15.997125 74.322327 40.904297
v 19.550203 87.388504 39.659382
v -19.550203 87.388504 39.659382
v 22.089125 89.034439 38.895470
v -22.089125 89.034439 38.895470
v 25.163662 89.772507 37.589649
v -25.163662 89.772507 37.589649
v 34.268753 86.301361 32.539158
v 31.433800 88.402344 34.265667
v -31.433800 88.402344 34.265667
v -34.268753 86.301361 32.539158
v 28.372229 89.493500 35.934818
v -28.372229 89.493500 35.934818
v 36.068592 82.954834 31.236166
v -36.068592 82.954834 31.236166
v 36.825935 79.447723 30.501728
v -36.825935 79.447723 30.501728
v 36.913055 76.268341 30.109627
v -36.913055 76.268341 30.109627
v 36.629665 73.381317 30.110125
v -36.629665 73.381317 30.110125
v 36.093410 70.801834 30.742090
v -36.093410 70.801834 30.742090
v 20.908165 1.667358 14.265755
v 18.400486 1.666222 17.808176
v 15.729894 1.666351 19.702883
v 11.679082 1.666367 20.282787
v 8.832320 1.666847 19.455057
v 6.157457 1.666885 16.271290
v 5.118872 1.666100 13.500407
v 5.131848 1.666061 10.007635
v 5.537364 1.666138 5.773712
v 6.267374 1.666237 1.152295
v 8.425630 1.666130 -2.519401
v 12.389530 1.666420 -3.612221
v 16.303993 1.666389 -2.792851
v 19.450768 1.664375 -0.379265
v 21.758720 1.657959 2.661391
v 22.653248 1.662544 6.804371
v 22.245541 1.666756 10.762287
v -20.908169 1.667358 14.265757
v -18.400482 1.666222 17.808174
v -15.729894 1.666351 19.702883
v -11.679082 1.666367 20.282785
v -8.832322 1.666840 19.455057
v -6.157458 1.666885 16.271290
v -5.118872 1.666100 13.500407
v -5.131848 1.666061 10.007635
v -5.537367 1.666145 5.773712
v -6.267374 1.666237 1.152295
v -8.425627 1.666130 -2.519404
v -12.389530 1.666420 -3.612221
v -16.303993 1.666389 -2.792851
v -19.450764 1.664375 -0.379265
v -21.758720 1.657959 2.661391
v -22.653248 1.662544 6.804371
v -22.245541 1.666756 10.762287
vt 0.084068 0.101138
vt 0.086866 0.105424
vt 0.077662 0.114482
vt 0.072097 0.105984
vt 0.091092 0.108312
vt 0.086054 0.120203
vt 0.096101 0.109363
vt 0.095998 0.122277
vt 0.101132 0.108417
vt 0.105978 0.120387
vt 0.105417 0.105618
vt 0.114475 0.114823
vt 0.108305 0.101392
vt 0.120196 0.106430
vt 0.109356 0.096383
vt 0.122270 0.096487
vt 0.108411 0.091353
vt 0.120381 0.086507
vt 0.105612 0.087068
vt 0.114816 0.078009
vt 0.101386 0.084179
vt 0.106424 0.072288
vt 0.096377 0.083128
vt 0.096480 0.070215
vt 0.091346 0.084074
vt 0.086500 0.072104
vt 0.087061 0.086873
vt 0.078003 0.077668
vt 0.084173 0.091099
vt 0.072282 0.086061
vt 0.083122 0.096108
vt 0.070208 0.096004
vt 0.068744 0.123309
vt 0.060480 0.110727
vt 0.081194 0.131771
vt 0.095934 0.134824
vt 0.110721 0.132004
vt 0.123303 0.123741
vt 0.131764 0.111291
vt 0.134818 0.096551
vt 0.131998 0.081764
vt 0.123734 0.069182
vt 0.111284 0.060720
vt 0.096544 0.057667
vt 0.081757 0.060487
vt 0.069175 0.068750
vt 0.060714 0.081200
vt 0.057660 0.095940
vt 0.060200 0.131816
vt 0.049331 0.115317
vt 0.076556 0.142900
vt 0.095908 0.146881
vt 0.115310 0.143154
vt 0.131810 0.132285
vt 0.142894 0.115929
vt 0.146875 0.096577
vt 0.143147 0.077174
vt 0.132278 0.060675
vt 0.115922 0.049591
vt 0.096570 0.045610
vt 0.077167 0.049338
vt 0.060668 0.060207
vt 0.049585 0.076562
vt 0.045603 0.095914
vt 0.052068 0.139957
vt 0.038702 0.119726
vt 0.072158 0.153534
vt 0.095914 0.158388
vt 0.119720 0.153782
vt 0.139951 0.140417
vt 0.153527 0.120327
vt 0.158382 0.096570
vt 0.153776 0.072764
vt 0.140410 0.052533
vt 0.120320 0.038957
vt 0.096564 0.034103
vt 0.072758 0.038709
vt 0.052527 0.052074
vt 0.038951 0.072164
vt 0.034096 0.095921
vt 0.044317 0.147750
vt 0.028559 0.123959
vt 0.067979 0.163699
vt 0.095943 0.169379
vt 0.123953 0.163925
vt 0.147743 0.148168
vt 0.163693 0.124505
vt 0.169373 0.096541
vt 0.163918 0.068531
vt 0.148161 0.044741
vt 0.124498 0.028792
vt 0.096534 0.023112
vt 0.068525 0.028566
vt 0.044735 0.044324
vt 0.028785 0.067986
vt 0.023106 0.095950
vt 0.036834 0.155288
vt 0.018762 0.128061
vt 0.063951 0.173527
vt 0.095983 0.180000
vt 0.128054 0.173723
vt 0.155282 0.155650
vt 0.173521 0.128533
vt 0.179994 0.096501
vt 0.173716 0.064430
vt 0.155643 0.037202
vt 0.128526 0.018964
vt 0.096494 0.012491
vt 0.064423 0.018769
vt 0.037196 0.036841
vt 0.018957 0.063958
vt 0.012484 0.095990
vt 0.029409 0.162756
vt 0.009044 0.132119
vt 0.059949 0.183268
vt 0.096013 0.190531
vt 0.132112 0.183441
vt 0.162750 0.163075
vt 0.183262 0.132535
vt 0.190525 0.096471
vt 0.183434 0.060372
vt 0.163068 0.029734
vt 0.132528 0.009223
vt 0.096464 0.001960
vt 0.060365 0.009051
vt 0.029728 0.029416
vt 0.009216 0.059956
vt 0.001953 0.096020
vt 0.138072 0.407542
vt 0.102578 0.417215
vt 0.101789 0.406714
vt 0.133324 0.398142
vt 0.066084 0.412569
vt 0.069374 0.402565
vt 0.034146 0.394311
vt 0.041014 0.386327
vt 0.011626 0.365220
vt 0.021027 0.360473
vt 0.001953 0.329726
vt 0.012455 0.328937
vt 0.006599 0.293232
vt 0.016603 0.296522
vt 0.024858 0.261293
vt 0.032841 0.268161
vt 0.053949 0.238773
vt 0.058696 0.248174
vt 0.089444 0.229101
vt 0.090232 0.239602
vt 0.125938 0.233748
vt 0.122648 0.243752
vt 0.157876 0.252007
vt 0.151007 0.259990
vt 0.180395 0.281097
vt 0.170994 0.285845
vt 0.190067 0.316591
vt 0.179566 0.317380
vt 0.185421 0.353085
vt 0.175417 0.349795
vt 0.167162 0.385023
vt 0.159179 0.378155
vt 0.100984 0.396123
vt 0.128528 0.388665
vt 0.072684 0.392472
vt 0.047934 0.378269
vt 0.030503 0.355676
vt 0.023046 0.328132
vt 0.026696 0.299831
vt 0.040899 0.275081
vt 0.063493 0.257651
vt 0.091037 0.250193
vt 0.119338 0.253844
vt 0.144087 0.268048
vt 0.161518 0.290641
vt 0.168975 0.318185
vt 0.165324 0.346485
vt 0.151121 0.371235
vt 0.100163 0.385163
vt 0.123575 0.378854
vt 0.076119 0.382032
vt 0.055103 0.369939
vt 0.040315 0.350723
vt 0.034005 0.327311
vt 0.037136 0.303266
vt 0.049230 0.282250
vt 0.068445 0.267462
vt 0.091858 0.261153
vt 0.115902 0.264284
vt 0.136918 0.276378
vt 0.151706 0.295593
vt 0.158015 0.319006
vt 0.154884 0.343050
vt 0.142791 0.364066
vt 0.099328 0.373686
vt 0.118411 0.368570
vt 0.079739 0.371109
vt 0.062628 0.361232
vt 0.050598 0.345559
vt 0.045482 0.326476
vt 0.048059 0.306887
vt 0.057936 0.289775
vt 0.073609 0.277746
vt 0.092693 0.272630
vt 0.112282 0.275207
vt 0.129393 0.285084
vt 0.141422 0.300757
vt 0.146538 0.319841
vt 0.143961 0.339429
vt 0.134085 0.356541
vt 0.098485 0.361658
vt 0.113030 0.357781
vt 0.083563 0.359675
vt 0.070536 0.352132
vt 0.061387 0.340178
vt 0.057510 0.325633
vt 0.059493 0.310711
vt 0.067036 0.297684
vt 0.078990 0.288535
vt 0.093536 0.284657
vt 0.108457 0.286641
vt 0.121484 0.294184
vt 0.130633 0.306138
vt 0.134511 0.320683
vt 0.132527 0.335605
vt 0.124984 0.348632
vt 0.097645 0.349139
vt 0.107463 0.346536
vt 0.087578 0.347787
vt 0.078795 0.342685
vt 0.072633 0.334610
vt 0.070029 0.324792
vt 0.071382 0.314726
vt 0.076483 0.305943
vt 0.084558 0.299780
vt 0.094376 0.297177
vt 0.104443 0.298529
vt 0.113226 0.303631
vt 0.119388 0.311706
vt 0.121991 0.321524
vt 0.120639 0.331590
vt 0.115537 0.340373
vt 0.096818 0.336251
vt 0.101767 0.334945
vt 0.091746 0.335563
vt 0.087323 0.332987
vt 0.084223 0.328915
vt 0.082917 0.323966
vt 0.083605 0.318894
vt 0.086181 0.314471
vt 0.090253 0.311370
vt 0.095202 0.310065
vt 0.100274 0.310752
vt 0.104697 0.313329
vt 0.107798 0.317401
vt 0.109103 0.322350
vt 0.108416 0.327422
vt 0.105839 0.331845
vt 0.096239 0.096246
vt 0.096010 0.323158
vt 0.881230 0.330522
vt 0.893517 0.334496
vt 0.888577 0.343371
vt 0.878746 0.334997
vt 0.880616 0.349680
vt 0.874738 0.338181
vt 0.870847 0.352462
vt 0.869817 0.339589
vt 0.860758 0.351294
vt 0.864732 0.339006
vt 0.851883 0.346353
vt 0.860257 0.336522
vt 0.845574 0.338393
vt 0.857073 0.332515
vt 0.842792 0.328624
vt 0.855665 0.327594
vt 0.843960 0.318534
vt 0.856248 0.322508
vt 0.848901 0.309659
vt 0.858732 0.318033
vt 0.856861 0.303351
vt 0.862739 0.314849
vt 0.866630 0.300569
vt 0.867660 0.313441
vt 0.876720 0.301737
vt 0.872745 0.314024
vt 0.885595 0.306677
vt 0.877221 0.316508
vt 0.891903 0.314638
vt 0.880404 0.320516
vt 0.894685 0.324407
vt 0.881812 0.325437
vt 0.905445 0.338393
vt 0.898105 0.351536
vt 0.886295 0.360869
vt 0.871811 0.364973
vt 0.856860 0.363221
vt 0.843718 0.355881
vt 0.834385 0.344071
vt 0.830281 0.329588
vt 0.832033 0.314637
vt 0.839373 0.301494
vt 0.851183 0.292161
vt 0.865666 0.288058
vt 0.880617 0.289809
vt 0.893760 0.297149
vt 0.903093 0.308959
vt 0.907196 0.323443
vt 0.916894 0.342172
vt 0.907237 0.359408
vt 0.891719 0.371637
vt 0.872702 0.376996
vt 0.853082 0.374671
vt 0.835846 0.365014
vt 0.823617 0.349495
vt 0.818257 0.330479
vt 0.820583 0.310859
vt 0.830240 0.293622
vt 0.845758 0.281393
vt 0.864775 0.276034
vt 0.884395 0.278360
vt 0.901632 0.288017
vt 0.913861 0.303535
vt 0.919220 0.322551
vt 0.927812 0.345807
vt 0.915933 0.366945
vt 0.896869 0.381928
vt 0.873522 0.388475
vt 0.849447 0.385589
vt 0.828309 0.373709
vt 0.813326 0.354645
vt 0.806779 0.331298
vt 0.809665 0.307223
vt 0.821545 0.286085
vt 0.840609 0.271103
vt 0.863956 0.264556
vt 0.888031 0.267442
vt 0.909168 0.279321
vt 0.924151 0.298385
vt 0.930698 0.321732
vt 0.938233 0.349301
vt 0.924223 0.374161
vt 0.901766 0.391767
vt 0.874281 0.399439
vt 0.845952 0.396009
vt 0.821093 0.381999
vt 0.803487 0.359542
vt 0.795815 0.332057
vt 0.799245 0.303729
vt 0.813255 0.278869
vt 0.835712 0.261263
vt 0.863196 0.253591
vt 0.891525 0.257021
vt 0.916385 0.271031
vt 0.933991 0.293488
vt 0.941662 0.320973
vt 0.948299 0.352689
vt 0.932227 0.381143
vt 0.906489 0.401281
vt 0.875004 0.410036
vt 0.842565 0.406076
vt 0.814111 0.390003
vt 0.793973 0.364265
vt 0.785218 0.332780
vt 0.789178 0.300341
vt 0.805251 0.271887
vt 0.830989 0.251750
vt 0.862474 0.242995
vt 0.894913 0.246955
vt 0.923367 0.263027
vt 0.943504 0.288765
vt 0.952259 0.320250
vt 0.958283 0.356039
vt 0.940169 0.388059
vt 0.911179 0.410710
vt 0.875729 0.420542
vt 0.839214 0.416059
vt 0.807195 0.397945
vt 0.784544 0.368956
vt 0.774712 0.333505
vt 0.779194 0.296991
vt 0.797309 0.264971
vt 0.826298 0.242321
vt 0.861748 0.232488
vt 0.898263 0.236971
vt 0.930283 0.255085
vt 0.952933 0.284074
vt 0.962765 0.319525
vt 0.840301 0.190498
vt 0.840563 0.179970
vt 0.872729 0.174202
vt 0.876517 0.184029
vt 0.900240 0.156564
vt 0.907500 0.164193
vt 0.918907 0.129741
vt 0.928534 0.134011
vt 0.925888 0.097815
vt 0.936416 0.098077
vt 0.920121 0.065649
vt 0.929947 0.061862
vt 0.902483 0.038138
vt 0.910112 0.030879
vt 0.875659 0.019471
vt 0.879930 0.009845
vt 0.843734 0.012490
vt 0.843996 0.001962
vt 0.811567 0.018257
vt 0.807781 0.008430
vt 0.784056 0.035895
vt 0.776797 0.028266
vt 0.765389 0.062719
vt 0.755763 0.058448
vt 0.758408 0.094644
vt 0.747880 0.094382
vt 0.764175 0.126811
vt 0.754349 0.130598
vt 0.781814 0.154322
vt 0.774184 0.161581
vt 0.808637 0.172989
vt 0.804367 0.182615
vt 0.840836 0.169352
vt 0.868918 0.164288
vt 0.892925 0.148863
vt 0.909202 0.125425
vt 0.915270 0.097542
vt 0.910207 0.069460
vt 0.894782 0.045453
vt 0.871344 0.029176
vt 0.843461 0.023108
vt 0.815378 0.028171
vt 0.791371 0.043596
vt 0.775094 0.067034
vt 0.769026 0.094917
vt 0.774090 0.123000
vt 0.789515 0.147007
vt 0.812953 0.163284
vt 0.841107 0.158365
vt 0.864964 0.154034
vt 0.885348 0.140902
vt 0.899155 0.120970
vt 0.904283 0.097271
vt 0.899952 0.073414
vt 0.886821 0.053030
vt 0.866889 0.039223
vt 0.843190 0.034095
vt 0.819332 0.038426
vt 0.798949 0.051557
vt 0.785141 0.071490
vt 0.780013 0.095188
vt 0.784344 0.119046
vt 0.797476 0.139430
vt 0.817408 0.153237
vt 0.841366 0.146860
vt 0.860801 0.143306
vt 0.877396 0.132584
vt 0.888625 0.116328
vt 0.892779 0.097012
vt 0.889224 0.077577
vt 0.878503 0.060982
vt 0.862246 0.049753
vt 0.842930 0.045599
vt 0.823495 0.049154
vt 0.806900 0.059875
vt 0.795671 0.076132
vt 0.791517 0.095448
vt 0.795072 0.114883
vt 0.805794 0.131478
vt 0.822050 0.142707
vt 0.841605 0.134806
vt 0.856409 0.132077
vt 0.869042 0.123891
vt 0.877580 0.111494
vt 0.880724 0.096773
vt 0.877996 0.081969
vt 0.869810 0.069336
vt 0.857412 0.060798
vt 0.842691 0.057654
vt 0.827887 0.060382
vt 0.815255 0.068568
vt 0.806716 0.080966
vt 0.803572 0.095687
vt 0.806301 0.110491
vt 0.814487 0.123123
vt 0.826884 0.131662
vt 0.841817 0.122260
vt 0.851804 0.120405
vt 0.860320 0.114870
vt 0.866070 0.106497
vt 0.868178 0.096561
vt 0.866323 0.086574
vt 0.860788 0.078058
vt 0.852415 0.072308
vt 0.842479 0.070200
vt 0.832493 0.072055
vt 0.823976 0.077590
vt 0.818226 0.085963
vt 0.816118 0.095899
vt 0.817973 0.105885
vt 0.823508 0.114402
vt 0.831881 0.120152
vt 0.841997 0.109347
vt 0.847029 0.108406
vt 0.851317 0.105612
vt 0.854209 0.101389
vt 0.855265 0.096381
vt 0.854324 0.091349
vt 0.851530 0.087061
vt 0.847307 0.084169
vt 0.842299 0.083113
vt 0.837268 0.084054
vt 0.832980 0.086848
vt 0.830087 0.091071
vt 0.829031 0.096079
vt 0.829972 0.101110
vt 0.832766 0.105398
vt 0.836989 0.108291
vt 0.868739 0.326515
vt 0.842148 0.096230
vt 0.575956 0.001963
vt 0.576492 0.017846
vt 0.564605 0.018327
vt 0.561551 0.005308
vt 0.590554 0.004329
vt 0.588385 0.017524
vt 0.576924 0.030642
vt 0.562075 0.030640
vt 0.591739 0.029638
vt 0.548564 0.017756
vt 0.549057 0.028276
vt 0.604351 0.015873
vt 0.604569 0.026402
vt 0.546101 0.010362
vt 0.606310 0.008330
vt 0.537045 0.017643
vt 0.535149 0.013159
vt 0.615837 0.014983
vt 0.617426 0.010382
vt 0.534925 0.024136
vt 0.618389 0.021318
vt 0.527858 0.016473
vt 0.624923 0.013197
vt 0.510782 0.316638
vt 0.521863 0.317504
vt 0.523650 0.320734
vt 0.511855 0.319993
vt 0.444924 0.317543
vt 0.456024 0.316746
vt 0.454941 0.320062
vt 0.443134 0.320757
vt 0.496883 0.323894
vt 0.496004 0.321699
vt 0.469914 0.323936
vt 0.470800 0.321747
vt 0.483402 0.323739
vt 0.483397 0.325965
vt 0.511772 0.298533
vt 0.526621 0.305646
vt 0.523544 0.308804
vt 0.510285 0.303239
vt 0.440139 0.305578
vt 0.454969 0.298386
vt 0.456449 0.303037
vt 0.443219 0.308723
vt 0.501287 0.294730
vt 0.497933 0.299859
vt 0.465461 0.294628
vt 0.468792 0.299756
vt 0.483360 0.298769
vt 0.483379 0.291589
vt 0.529325 0.316530
vt 0.534926 0.318061
vt 0.437452 0.316528
vt 0.431847 0.318053
vt 0.594110 0.340607
vt 0.573520 0.342942
vt 0.563354 0.324498
vt 0.590662 0.320402
vt 0.421516 0.333759
vt 0.408991 0.349568
vt 0.393247 0.342938
vt 0.403417 0.324478
vt 0.639771 0.357042
vt 0.615435 0.345118
vt 0.619583 0.325661
vt 0.647185 0.338114
vt 0.372688 0.340569
vt 0.351341 0.345039
vt 0.347209 0.325571
vt 0.376134 0.320353
vt 0.655358 0.373115
vt 0.669692 0.357149
vt 0.669673 0.413379
vt 0.665451 0.392836
vt 0.686135 0.382941
vt 0.690276 0.414004
vt 0.311358 0.372989
vt 0.301252 0.392714
vt 0.280580 0.382800
vt 0.297048 0.357008
vt 0.657681 0.452557
vt 0.666479 0.433882
vt 0.686343 0.443752
vt 0.669039 0.465457
vt 0.297022 0.413262
vt 0.300210 0.433773
vt 0.280340 0.443638
vt 0.276419 0.413875
vt 0.613660 0.468954
vt 0.628811 0.465102
vt 0.631991 0.476902
vt 0.614904 0.484434
vt 0.309005 0.452452
vt 0.321887 0.460529
vt 0.316296 0.472861
vt 0.297640 0.465353
vt 0.580705 0.468850
vt 0.595493 0.469943
vt 0.595336 0.484434
vt 0.578042 0.479484
vt 0.353023 0.468858
vt 0.371189 0.469863
vt 0.371335 0.484356
vt 0.351769 0.484343
vt 0.562662 0.473486
vt 0.566569 0.463070
vt 0.419358 0.465516
vt 0.404017 0.473438
vt 0.400120 0.463019
vt 0.413357 0.455277
vt 0.535330 0.436738
vt 0.544119 0.446813
vt 0.538415 0.453983
vt 0.529174 0.441252
vt 0.422589 0.446788
vt 0.428285 0.453961
vt 0.529598 0.395221
vt 0.527831 0.419861
vt 0.521898 0.421362
vt 0.519712 0.395593
vt 0.431390 0.436721
vt 0.438907 0.419849
vt 0.444837 0.421351
vt 0.437541 0.441238
vt 0.546344 0.360822
vt 0.535386 0.373789
vt 0.522248 0.367455
vt 0.532836 0.346460
vt 0.437158 0.395200
vt 0.431364 0.373744
vt 0.444502 0.367420
vt 0.447040 0.395574
vt 0.420381 0.360752
vt 0.433913 0.346427
vt 0.545236 0.333781
vt 0.557718 0.349598
vt 0.326972 0.356921
vt 0.319581 0.337987
vt 0.337875 0.465001
vt 0.334688 0.476803
vt 0.385978 0.468784
vt 0.388632 0.479421
vt 0.547329 0.465548
vt 0.553340 0.455312
vt 0.483372 0.392851
vt 0.470820 0.392972
vt 0.470687 0.367708
vt 0.483375 0.366522
vt 0.508439 0.367030
vt 0.506700 0.394919
vt 0.495925 0.392980
vt 0.496063 0.367717
vt 0.458312 0.367010
vt 0.460047 0.394906
vt 0.483380 0.347311
vt 0.469596 0.347126
vt 0.497163 0.347130
vt 0.456013 0.346752
vt 0.510746 0.346761
vt 0.413123 0.307379
vt 0.429940 0.296379
vt 0.553654 0.307413
vt 0.536829 0.296437
vt 0.464221 0.281994
vt 0.483395 0.279539
vt 0.502562 0.282057
vt 0.447133 0.288346
vt 0.519634 0.288434
vt 0.382465 0.292934
vt 0.584339 0.293000
vt 0.342756 0.300745
vt 0.624054 0.300850
vt 0.554055 0.277270
vt 0.412749 0.277208
vt 0.529732 0.268531
vt 0.437075 0.268469
vt 0.507011 0.262515
vt 0.459807 0.262474
vt 0.483412 0.260260
vt 0.401225 0.250870
vt 0.369305 0.261654
vt 0.565617 0.250945
vt 0.597535 0.261749
vt 0.333626 0.271709
vt 0.633210 0.271836
vt 0.429834 0.243117
vt 0.537014 0.243175
vt 0.456751 0.238166
vt 0.510105 0.238199
vt 0.483429 0.236606
vt 0.309876 0.314583
vt 0.656914 0.314724
vt 0.650383 0.472962
vt 0.644799 0.460632
vt 0.469471 0.417365
vt 0.456778 0.420432
vt 0.497261 0.417370
vt 0.509955 0.420441
vt 0.483366 0.417278
vt 0.452089 0.440182
vt 0.514626 0.440191
vt 0.467493 0.439241
vt 0.499222 0.439246
vt 0.483357 0.439368
vt 0.229081 0.364250
vt 0.225360 0.327917
vt 0.241121 0.319593
vt 0.254604 0.365306
vt 0.750121 0.297182
vt 0.741411 0.328155
vt 0.725660 0.319811
vt 0.737826 0.283984
vt 0.179833 0.239460
vt 0.208889 0.254264
vt 0.193871 0.271816
vt 0.172808 0.262453
vt 0.757971 0.254558
vt 0.772964 0.272132
vt 0.216684 0.296913
vt 0.228997 0.283729
vt 0.737654 0.364455
vt 0.712129 0.365480
vt 0.787048 0.239802
vt 0.794039 0.262803
vt 0.226110 0.456733
vt 0.229174 0.410159
vt 0.250783 0.415311
vt 0.254746 0.465237
vt 0.737525 0.410326
vt 0.715912 0.415456
vt 0.740563 0.456865
vt 0.711926 0.465354
vt 0.217923 0.555913
vt 0.224352 0.509255
vt 0.246711 0.516469
vt 0.237303 0.579131
vt 0.742304 0.509350
vt 0.719944 0.516563
vt 0.748723 0.555979
vt 0.729342 0.579193
vt 0.190887 0.610008
vt 0.206702 0.586328
vt 0.221119 0.609901
vt 0.201328 0.633930
vt 0.759940 0.586372
vt 0.745526 0.609943
vt 0.775754 0.610033
vt 0.765318 0.633954
vt 0.140719 0.640715
vt 0.167292 0.630378
vt 0.174303 0.655084
vt 0.138806 0.675383
vt 0.799351 0.630385
vt 0.792346 0.655091
vt 0.097295 0.623645
vt 0.118433 0.636391
vt 0.103881 0.658808
vt 0.078818 0.637647
vt 0.825924 0.640706
vt 0.848206 0.636371
vt 0.862766 0.658781
vt 0.827848 0.675371
vt 0.869338 0.623616
vt 0.887820 0.637610
vt 0.281134 0.334564
vt 0.685631 0.334728
vt 0.667273 0.285201
vt 0.299549 0.285040
vt 0.268168 0.301817
vt 0.698634 0.302009
vt 0.282305 0.503747
vt 0.684357 0.503844
vt 0.307479 0.507805
vt 0.659183 0.507897
vt 0.371918 0.508053
vt 0.351881 0.509264
vt 0.594739 0.508125
vt 0.614778 0.509346
vt 0.330458 0.508713
vt 0.636204 0.508801
vt 0.409420 0.502540
vt 0.425351 0.498720
vt 0.557238 0.502585
vt 0.541309 0.498753
vt 0.389885 0.503771
vt 0.576772 0.503832
vt 0.483330 0.505775
vt 0.463934 0.504704
vt 0.464634 0.480218
vt 0.483339 0.481046
vt 0.502726 0.504714
vt 0.502044 0.480225
vt 0.444386 0.475954
vt 0.444454 0.502571
vt 0.522294 0.475970
vt 0.522206 0.502590
vt 0.483348 0.459425
vt 0.465623 0.458853
vt 0.501074 0.458859
vt 0.447183 0.457062
vt 0.519515 0.457074
vt 0.280497 0.535287
vt 0.686155 0.535373
vt 0.282924 0.571467
vt 0.683721 0.571538
vt 0.301204 0.611842
vt 0.262711 0.621815
vt 0.632597 0.647412
vt 0.665437 0.611898
vt 0.703933 0.621864
vt 0.663208 0.663791
vt 0.334043 0.647369
vt 0.303439 0.663751
vt 0.676127 0.872719
vt 0.705875 0.839767
vt 0.752671 0.860461
vt 0.731905 0.896716
vt 0.214049 0.860459
vt 0.260835 0.839750
vt 0.290596 0.872692
vt 0.234829 0.896706
vt 0.785013 0.911643
vt 0.801279 0.875455
vt 0.845889 0.887712
vt 0.832778 0.921182
vt 0.120844 0.887743
vt 0.165448 0.875469
vt 0.181728 0.911651
vt 0.133968 0.921208
vt 0.901623 0.898679
vt 0.889607 0.935285
vt 0.077146 0.935334
vt 0.065114 0.898732
vt 0.592165 0.676591
vt 0.619339 0.698832
vt 0.572416 0.728111
vt 0.544416 0.699245
vt 0.347311 0.698800
vt 0.374475 0.676560
vt 0.422227 0.699226
vt 0.394241 0.728084
vt 0.483323 0.714320
vt 0.524137 0.751737
vt 0.442529 0.751706
vt 0.307508 0.537066
vt 0.659144 0.537148
vt 0.314880 0.568373
vt 0.605696 0.630298
vt 0.570357 0.653021
vt 0.360937 0.630255
vt 0.396276 0.652991
vt 0.634131 0.601321
vt 0.332506 0.601264
vt 0.651763 0.568444
vt 0.437591 0.670005
vt 0.529040 0.670020
vt 0.483316 0.677269
vt 0.483313 0.644701
vt 0.519890 0.640607
vt 0.446736 0.640593
vt 0.333078 0.536245
vt 0.633572 0.536324
vt 0.340974 0.563035
vt 0.625667 0.563103
vt 0.382946 0.611349
vt 0.413128 0.628490
vt 0.553499 0.628519
vt 0.583684 0.611392
vt 0.357950 0.587207
vt 0.608684 0.587263
vt 0.513291 0.610643
vt 0.483312 0.614057
vt 0.453333 0.610629
vt 0.355370 0.533459
vt 0.611278 0.533532
vt 0.363564 0.553432
vt 0.603077 0.553496
vt 0.399286 0.587730
vt 0.425329 0.603306
vt 0.541297 0.603333
vt 0.567344 0.587771
vt 0.378318 0.573496
vt 0.588316 0.573549
vt 0.483313 0.584525
vt 0.508872 0.583357
vt 0.457755 0.583344
vt 0.533053 0.576575
vt 0.433576 0.576549
vt 0.462695 0.531004
vt 0.442897 0.527935
vt 0.483322 0.531267
vt 0.503950 0.531015
vt 0.523748 0.527958
vt 0.460584 0.556117
vt 0.439404 0.553447
vt 0.483317 0.557604
vt 0.506050 0.556129
vt 0.527231 0.553471
vt 0.424304 0.526151
vt 0.542341 0.526185
vt 0.407267 0.523945
vt 0.559380 0.523991
vt 0.391614 0.524937
vt 0.575033 0.524993
vt 0.374789 0.527915
vt 0.591859 0.527981
vt 0.392128 0.537442
vt 0.380989 0.545355
vt 0.585651 0.545413
vt 0.574515 0.537496
vt 0.393621 0.557520
vt 0.573015 0.557569
vt 0.412150 0.569435
vt 0.554481 0.569473
vt 0.419923 0.547723
vt 0.546713 0.547759
vt 0.403331 0.543026
vt 0.563309 0.543072
vt 0.407708 0.786202
vt 0.363907 0.755567
vt 0.602763 0.755599
vt 0.558975 0.786243
vt 0.319298 0.721015
vt 0.647363 0.721045
vt 0.277041 0.682512
vt 0.689612 0.682545
vt 0.242840 0.642655
vt 0.723808 0.642693
vt 0.771728 0.687540
vt 0.802321 0.714685
vt 0.745950 0.722599
vt 0.773275 0.753005
vt 0.739609 0.798519
vt 0.705455 0.768425
vt 0.667843 0.812042
vt 0.633403 0.847351
vt 0.298854 0.812016
vt 0.333308 0.847314
vt 0.227085 0.798512
vt 0.261226 0.768407
vt 0.220718 0.722586
vt 0.193404 0.753004
vt 0.194930 0.687530
vt 0.164346 0.714691
vt 0.220205 0.664876
vt 0.249442 0.702008
vt 0.289308 0.744527
vt 0.331522 0.784882
vt 0.371855 0.818326
vt 0.635162 0.784912
vt 0.594843 0.818368
vt 0.677363 0.744552
vt 0.717219 0.702031
vt 0.746448 0.664900
vt 0.186762 0.821320
vt 0.157721 0.779860
vt 0.779942 0.821315
vt 0.808969 0.779847
vt 0.108364 0.710913
vt 0.133276 0.743429
vt 0.858302 0.710886
vt 0.833401 0.743410
vt 0.080528 0.685559
vt 0.886128 0.685522
vt 0.053433 0.659151
vt 0.913213 0.659102
vt 0.192311 0.204178
vt 0.234530 0.222085
vt 0.732373 0.222351
vt 0.774618 0.204509
vt 0.453849 0.209642
vt 0.483450 0.208377
vt 0.513049 0.209674
vt 0.359991 0.229168
vt 0.392953 0.220511
vt 0.573933 0.220597
vt 0.606890 0.229282
vt 0.325019 0.239000
vt 0.641855 0.239147
vt 0.424017 0.213839
vt 0.542875 0.213899
vt 0.677743 0.251180
vt 0.289119 0.250995
vt 0.254555 0.266129
vt 0.712291 0.266352
vt 0.307837 0.911641
vt 0.332539 0.911641
vt 0.332539 0.930235
vt 0.307837 0.930235
vt 0.395962 0.979453
vt 0.419158 0.979453
vt 0.419158 0.998047
vt 0.395962 0.998047
vt 0.355736 0.911641
vt 0.375881 0.911641
vt 0.375881 0.930235
vt 0.355736 0.930235
vt 0.355404 0.979453
vt 0.375816 0.979453
vt 0.375816 0.998047
vt 0.355404 0.998047
vt 0.443860 0.979453
vt 0.443860 0.998047
vt 0.396294 0.911641
vt 0.396294 0.930235
vt 0.437575 0.930235
vt 0.416832 0.930235
vt 0.416832 0.911641
vt 0.437575 0.911641
vt 0.334865 0.998047
vt 0.334866 0.979453
vt 0.314122 0.998047
vt 0.314122 0.979453
vt 0.460789 0.930235
vt 0.460789 0.911641
vt 0.290908 0.998047
vt 0.290908 0.979453
vt 0.482856 0.930235
vt 0.482856 0.911641
vt 0.268841 0.998047
vt 0.268841 0.979453
vt 0.592138 0.930235
vt 0.572998 0.930235
vt 0.572998 0.911641
vt 0.592138 0.911641
vt 0.211143 0.979453
vt 0.211143 0.998047
vt 0.192909 0.998047
vt 0.192909 0.979453
vt 0.502747 0.911641
vt 0.502747 0.930235
vt 0.178699 0.998047
vt 0.178699 0.979453
vt 0.610845 0.911641
vt 0.610845 0.930235
vt 0.140853 0.979453
vt 0.159559 0.979453
vt 0.159559 0.998047
vt 0.140853 0.998047
vt 0.630751 0.911641
vt 0.630751 0.930235
vt 0.098548 0.979453
vt 0.120946 0.979453
vt 0.120946 0.998047
vt 0.098548 0.998047
vt 0.653149 0.911641
vt 0.653149 0.930235
vt 0.912368 0.943652
vt 0.920498 0.924978
vt 0.054388 0.943710
vt 0.046250 0.925039
vt 0.947651 0.938544
vt 0.941092 0.954430
vt 0.019103 0.938617
vt 0.025668 0.954500
vt 0.526215 0.005321
vt 0.524137 0.034658
vt 0.504256 0.033234
vt 0.509339 0.001976
vt 0.443019 0.034613
vt 0.440985 0.005273
vt 0.457866 0.001953
vt 0.462902 0.033219
vt 0.531591 0.069223
vt 0.498388 0.065617
vt 0.435514 0.069169
vt 0.468722 0.065608
vt 0.071122 0.867831
vt 0.066572 0.838563
vt 0.096415 0.821141
vt 0.110228 0.853401
vt 0.840896 0.803361
vt 0.821131 0.839078
vt 0.057094 0.809020
vt 0.079360 0.791431
vt 0.861890 0.769965
vt 0.042032 0.781364
vt 0.059375 0.763835
vt 0.884612 0.739514
vt 0.023649 0.756818
vt 0.001953 0.737227
vt 0.013185 0.718435
vt 0.037276 0.739551
vt 0.935929 0.689613
vt 0.909152 0.713742
vt 0.228699 0.108218
vt 0.256308 0.113364
vt 0.250792 0.137409
vt 0.220398 0.129236
vt 0.724692 0.173421
vt 0.760234 0.163720
vt 0.206752 0.163402
vt 0.242278 0.173155
vt 0.057515 0.713790
vt 0.030728 0.689672
vt 0.082065 0.739553
vt 0.104797 0.769997
vt 0.125803 0.803386
vt 0.145581 0.839099
vt 0.716229 0.137669
vt 0.746637 0.129540
vt 0.953483 0.718369
vt 0.929401 0.739493
vt 0.907310 0.763785
vt 0.887336 0.791388
vt 0.870292 0.821104
vt 0.856491 0.853367
vt 0.710749 0.113618
vt 0.738367 0.108511
vt 0.964722 0.737156
vt 0.943035 0.756755
vt 0.924661 0.781307
vt 0.909608 0.808968
vt 0.900142 0.838513
vt 0.895603 0.867782
vt 0.483473 0.175749
vt 0.515399 0.177588
vt 0.451545 0.177555
vt 0.354126 0.195677
vt 0.387443 0.188221
vt 0.579490 0.188317
vt 0.612801 0.195804
vt 0.318874 0.203745
vt 0.648047 0.203909
vt 0.419746 0.182255
vt 0.547193 0.182320
vt 0.686424 0.212774
vt 0.280489 0.212567
vt 0.483498 0.141807
vt 0.517291 0.143953
vt 0.449702 0.143918
vt 0.559497 0.090210
vt 0.590164 0.099431
vt 0.586435 0.124551
vt 0.554555 0.116410
vt 0.286456 0.111832
vt 0.283698 0.138476
vt 0.619621 0.104774
vt 0.617781 0.131186
vt 0.380591 0.124442
vt 0.376900 0.099315
vt 0.407578 0.090125
vt 0.412481 0.116334
vt 0.558789 0.930235
vt 0.558789 0.911641
vt 0.416330 0.148850
vt 0.550658 0.148920
vt 0.383686 0.155788
vt 0.583294 0.155891
vt 0.540555 0.930235
vt 0.540555 0.911641
vt 0.347438 0.104628
vt 0.349239 0.131044
vt 0.227426 0.998047
vt 0.227426 0.979453
vt 0.248950 0.979453
vt 0.248950 0.998047
vt 0.649733 0.136300
vt 0.649124 0.108654
vt 0.680600 0.112046
vt 0.683319 0.138693
vt 0.446322 0.107976
vt 0.483526 0.105094
vt 0.520725 0.108016
vt 0.317316 0.168380
vt 0.351029 0.162369
vt 0.649654 0.168552
vt 0.615945 0.162505
vt 0.280974 0.172689
vt 0.685994 0.172905
vt 0.524271 0.930235
vt 0.524271 0.911641
vt 0.317283 0.136123
vt 0.317933 0.108476
vt 0.787514 0.515865
vt 0.790160 0.497175
vt 0.805177 0.509134
vt 0.804816 0.523422
vt 0.174220 0.433225
vt 0.195634 0.453304
vt 0.186666 0.473344
vt 0.168748 0.455563
vt 0.802971 0.554117
vt 0.792514 0.539172
vt 0.810382 0.537275
vt 0.821773 0.548597
vt 0.212268 0.486920
vt 0.219546 0.511644
vt 0.205612 0.518099
vt 0.197869 0.495706
vt 0.147699 0.420819
vt 0.146165 0.444785
vt 0.817507 0.567972
vt 0.840594 0.556303
vt 0.799142 0.481354
vt 0.813692 0.470052
vt 0.821135 0.486531
vt 0.810710 0.496211
vt 0.115394 0.417834
vt 0.121603 0.442394
vt 0.086841 0.427003
vt 0.097957 0.448577
vt 0.834922 0.463175
vt 0.852947 0.465566
vt 0.849697 0.482612
vt 0.834884 0.481695
vt 0.059135 0.447998
vt 0.077993 0.462621
vt 0.041961 0.477902
vt 0.064161 0.482994
vt 0.870007 0.475238
vt 0.884550 0.493928
vt 0.871090 0.502714
vt 0.862546 0.490155
vt 0.039518 0.504511
vt 0.058291 0.507308
vt 0.045190 0.531217
vt 0.061891 0.532687
vt 0.888517 0.514239
vt 0.884438 0.534205
vt 0.869615 0.533134
vt 0.873707 0.517855
vt 0.060495 0.560324
vt 0.074526 0.555652
vt 0.873412 0.552400
vt 0.857484 0.569128
vt 0.858811 0.546064
vt 0.104249 0.596112
vt 0.081254 0.583604
vt 0.093737 0.573092
vt 0.115659 0.584420
vt 0.129533 0.605159
vt 0.136645 0.591935
vt 0.142139 0.502506
vt 0.138764 0.521863
vt 0.122563 0.516087
vt 0.127682 0.499408
vt 0.858010 0.517330
vt 0.852536 0.531918
vt 0.836326 0.526058
vt 0.843105 0.510799
vt 0.128955 0.481230
vt 0.144805 0.484892
vt 0.827658 0.503609
vt 0.820299 0.516425
vt 0.116475 0.531394
vt 0.131386 0.538318
vt 0.118688 0.551614
vt 0.104713 0.543442
vt 0.103997 0.489617
vt 0.113998 0.495650
vt 0.109696 0.510527
vt 0.095918 0.501654
vt 0.834227 0.491360
vt 0.847988 0.498182
vt 0.116104 0.482926
vt 0.105238 0.525276
vt 0.092364 0.516337
vt 0.861565 0.505500
vt 0.095398 0.530933
vt 0.166190 0.537886
vt 0.148259 0.542618
vt 0.153163 0.523625
vt 0.167980 0.519360
vt 0.844232 0.545206
vt 0.829137 0.538568
vt 0.155247 0.505820
vt 0.164667 0.503027
vt 0.814869 0.528751
vt 0.135287 0.554793
vt 0.150382 0.556828
vt 0.157592 0.492434
vt 0.176750 0.492841
vt 0.161407 0.475589
vt 0.145905 0.466071
vt 0.128572 0.462800
vt 0.110856 0.466135
vt 0.091886 0.477212
vt 0.080871 0.491374
vt 0.076542 0.510250
vt 0.079419 0.533489
vt 0.090378 0.550512
vt 0.106393 0.562372
vt 0.125563 0.569400
vt 0.147185 0.574376
vt 0.186228 0.527908
vt 0.182706 0.509242
vt 0.750135 0.528148
vt 0.747880 0.497593
vt 0.768636 0.507709
vt 0.771564 0.533671
vt 0.755809 0.468099
vt 0.774994 0.482664
vt 0.775667 0.440717
vt 0.789733 0.461894
vt 0.802749 0.425116
vt 0.810814 0.448064
vt 0.838470 0.419212
vt 0.835508 0.442977
vt 0.873039 0.428440
vt 0.860498 0.447477
vt 0.893946 0.446371
vt 0.882121 0.461362
vt 0.908843 0.470229
vt 0.897633 0.482673
vt 0.917627 0.503218
vt 0.903982 0.508967
vt 0.916831 0.535884
vt 0.900484 0.535657
vt 0.905940 0.561212
vt 0.889582 0.558963
vt 0.890097 0.584205
vt 0.876144 0.577699
vt 0.783907 0.584206
vt 0.767445 0.563240
vt 0.783151 0.556884
vt 0.797546 0.576667
vt 0.240936 0.001964
vt 0.234680 0.036717
vt 0.222616 0.002432
vt 0.307891 0.003009
vt 0.328420 0.001966
vt 0.334655 0.036722
vt 0.207826 0.004600
vt 0.371241 0.011541
vt 0.361528 0.004620
vt 0.249373 0.069824
vt 0.232514 0.072815
vt 0.336800 0.072821
vt 0.352096 0.070780
vt 0.265259 0.062075
vt 0.304062 0.062063
vt 0.294877 0.051625
vt 0.282972 0.023052
vt 0.282956 0.038921
vt 0.286378 0.038898
vt 0.276907 0.008764
vt 0.292445 0.008744
vt 0.227426 0.949418
vt 0.248950 0.949418
vt 0.248950 0.964869
vt 0.227426 0.964869
vt 0.502747 0.897057
vt 0.524271 0.897057
vt 0.268841 0.949418
vt 0.268841 0.964869
vt 0.482856 0.897057
vt 0.290908 0.964869
vt 0.290908 0.949418
vt 0.460789 0.897057
vt 0.314122 0.964869
vt 0.314122 0.949418
vt 0.437575 0.897057
vt 0.334865 0.964869
vt 0.334866 0.949418
vt 0.416832 0.897057
vt 0.355404 0.964869
vt 0.355404 0.949418
vt 0.396294 0.897057
vt 0.375816 0.964869
vt 0.375816 0.949418
vt 0.375881 0.897057
vt 0.395962 0.964869
vt 0.395962 0.949418
vt 0.355736 0.897057
vt 0.419158 0.964869
vt 0.419158 0.949418
vt 0.332539 0.897057
vt 0.443860 0.964869
vt 0.443860 0.949418
vt 0.307837 0.897057
vt 0.098548 0.949418
vt 0.120946 0.949418
vt 0.120946 0.964869
vt 0.098548 0.964869
vt 0.630751 0.897057
vt 0.653149 0.897057
vt 0.140853 0.964869
vt 0.140853 0.949418
vt 0.610845 0.897057
vt 0.159559 0.964869
vt 0.159560 0.949418
vt 0.592138 0.897057
vt 0.199306 0.063428
vt 0.189178 0.054414
vt 0.370014 0.063453
vt 0.211143 0.949418
vt 0.211143 0.964869
vt 0.540555 0.897057
vt 0.192909 0.949418
vt 0.192909 0.964869
vt 0.558789 0.897057
vt 0.184410 0.037003
vt 0.383074 0.025348
vt 0.384925 0.037037
vt 0.186268 0.025315
vt 0.198109 0.011515
vt 0.178699 0.949418
vt 0.178699 0.964869
vt 0.572998 0.897057
vt 0.524271 0.881606
vt 0.502747 0.881606
vt 0.502747 0.874538
vt 0.524271 0.874538
vt 0.540555 0.881606
vt 0.540555 0.874538
vt 0.558789 0.881606
vt 0.558789 0.874538
vt 0.572998 0.881606
vt 0.572998 0.874538
vt 0.592138 0.874538
vt 0.592138 0.881606
vt 0.610845 0.874538
vt 0.610845 0.881606
vt 0.630751 0.874538
vt 0.630751 0.881606
vt 0.653149 0.881606
vt 0.653149 0.874538
vt 0.307837 0.874538
vt 0.332539 0.874538
vt 0.332539 0.881606
vt 0.307837 0.881606
vt 0.355736 0.874538
vt 0.355736 0.881606
vt 0.375881 0.874538
vt 0.375881 0.881606
vt 0.396294 0.874538
vt 0.396294 0.881606
vt 0.416832 0.874538
vt 0.416832 0.881606
vt 0.437575 0.874538
vt 0.437575 0.881606
vt 0.460789 0.874538
vt 0.460789 0.881606
vt 0.482856 0.874538
vt 0.482856 0.881606
vt 0.248950 0.932918
vt 0.248950 0.942351
vt 0.227426 0.942351
vt 0.227426 0.932918
vt 0.268841 0.932918
vt 0.268841 0.942351
vt 0.290908 0.942351
vt 0.290908 0.932918
vt 0.314122 0.942351
vt 0.314122 0.932918
vt 0.334865 0.942351
vt 0.334866 0.932918
vt 0.355404 0.942351
vt 0.355404 0.932918
vt 0.375816 0.942351
vt 0.375816 0.932918
vt 0.395962 0.942351
vt 0.395962 0.932918
vt 0.419158 0.942351
vt 0.419158 0.932918
vt 0.443860 0.942351
vt 0.443860 0.932918
vt 0.120946 0.932918
vt 0.120946 0.942351
vt 0.098548 0.942351
vt 0.098548 0.932918
vt 0.140853 0.942351
vt 0.140853 0.932918
vt 0.159559 0.942351
vt 0.159560 0.932918
vt 0.178699 0.942351
vt 0.178699 0.932918
vt 0.192909 0.932918
vt 0.192909 0.942351
vt 0.211143 0.932918
vt 0.211143 0.942351
vt 0.639190 0.387887
vt 0.646510 0.399652
vt 0.327506 0.387771
vt 0.320186 0.399537
vt 0.628697 0.376700
vt 0.337995 0.376587
vt 0.613310 0.368671
vt 0.353432 0.368603
vt 0.597445 0.365408
vt 0.369328 0.365389
vt 0.583306 0.366191
vt 0.383481 0.366255
vt 0.571496 0.370151
vt 0.395132 0.370074
vt 0.563279 0.376841
vt 0.403463 0.376720
vt 0.551785 0.412817
vt 0.553143 0.425664
vt 0.414970 0.412800
vt 0.413594 0.425638
vt 0.554153 0.398475
vt 0.412623 0.398466
vt 0.557297 0.386639
vt 0.409450 0.386592
vt 0.557266 0.435246
vt 0.409458 0.435212
vt 0.564634 0.442595
vt 0.402079 0.442550
vt 0.574427 0.448662
vt 0.392278 0.448604
vt 0.598493 0.452463
vt 0.612747 0.450390
vt 0.353954 0.450289
vt 0.368207 0.452378
vt 0.585999 0.451675
vt 0.380703 0.451604
vt 0.625108 0.446527
vt 0.341588 0.446423
vt 0.635028 0.439446
vt 0.331666 0.439340
vt 0.642534 0.430951
vt 0.324160 0.430843
vt 0.647731 0.421287
vt 0.318962 0.421179
vt 0.649535 0.410265
vt 0.317159 0.410154
vt 0.502747 0.865106
vt 0.524271 0.865106
vt 0.540555 0.865106
vt 0.558789 0.865106
vt 0.572998 0.865106
vt 0.592138 0.865106
vt 0.610845 0.865106
vt 0.630751 0.865106
vt 0.653149 0.865106
vt 0.332539 0.865106
vt 0.307837 0.865106
vt 0.355736 0.865106
vt 0.375881 0.865106
vt 0.396294 0.865106
vt 0.416832 0.865106
vt 0.437575 0.865106
vt 0.460789 0.865106
vt 0.482856 0.865106
vt 0.346739 0.002444
vt 0.286371 0.023029
vt 0.261464 0.003020
vt 0.319944 0.069820
vt 0.274450 0.051643
vt 0.380147 0.054445
vt 0.217220 0.070765
vn -0.365750 -0.025542 -0.930363
vn -0.403764 0.035319 -0.914181
vn -0.247570 0.027606 -0.968477
vn -0.311922 0.130637 -0.941084
vn -0.458032 0.075986 -0.885682
vn -0.403792 0.199480 -0.892838
vn -0.520293 0.090267 -0.849204
vn -0.509192 0.223654 -0.831085
vn -0.581069 0.075987 -0.810299
vn -0.612076 0.199480 -0.765226
vn -0.631106 0.035320 -0.774892
vn -0.696782 0.130637 -0.705287
vn -0.662786 -0.025541 -0.748374
vn -0.750412 0.027607 -0.660393
vn -0.671286 -0.097333 -0.734780
vn -0.764803 -0.093927 -0.637380
vn -0.655314 -0.169124 -0.736180
vn -0.737764 -0.215460 -0.639751
vn -0.617300 -0.229985 -0.752361
vn -0.673412 -0.318490 -0.667143
vn -0.563032 -0.270651 -0.780861
vn -0.581542 -0.387334 -0.715389
vn -0.500770 -0.284931 -0.817339
vn -0.476142 -0.411508 -0.777142
vn -0.439995 -0.270651 -0.856243
vn -0.373258 -0.387334 -0.843001
vn -0.389959 -0.229985 -0.891650
vn -0.288553 -0.318491 -0.902940
vn -0.358279 -0.169124 -0.918168
vn -0.234922 -0.215460 -0.947834
vn -0.349777 -0.097332 -0.931763
vn -0.220531 -0.093927 -0.970847
vn -0.105427 0.088372 -0.990493
vn -0.198743 0.237773 -0.950771
vn -0.331959 0.337600 -0.880812
vn -0.484795 0.372654 -0.791267
vn -0.633983 0.337599 -0.695767
vn -0.756812 0.237773 -0.608851
vn -0.834580 0.088373 -0.543753
vn -0.855448 -0.087857 -0.510383
vn -0.816239 -0.264088 -0.513820
vn -0.722924 -0.413489 -0.553541
vn -0.589708 -0.513316 -0.623499
vn -0.436871 -0.548370 -0.713045
vn -0.287683 -0.513316 -0.808545
vn -0.164855 -0.413489 -0.895461
vn -0.087087 -0.264088 -0.960559
vn -0.066219 -0.087858 -0.993930
vn 0.056423 0.153713 -0.986503
vn -0.066557 0.350609 -0.934154
vn -0.242124 0.482170 -0.841955
vn -0.443547 0.528368 -0.723943
vn -0.640163 0.482171 -0.598083
vn -0.802039 0.350609 -0.483536
vn -0.904529 0.153713 -0.397743
vn -0.932031 -0.078541 -0.353764
vn -0.880359 -0.310796 -0.358293
vn -0.757378 -0.507692 -0.410643
vn -0.581812 -0.639253 -0.502843
vn -0.380388 -0.685451 -0.620856
vn -0.183772 -0.639253 -0.746715
vn -0.021896 -0.507692 -0.861260
vn 0.080594 -0.310796 -0.947054
vn 0.108096 -0.078542 -0.991033
vn 0.236031 0.221464 -0.946173
vn 0.084224 0.464511 -0.881553
vn -0.132495 0.626910 -0.767743
vn -0.381131 0.683938 -0.622068
vn -0.623832 0.626911 -0.466707
vn -0.823651 0.464512 -0.325312
vn -0.950165 0.221464 -0.219410
vn -0.984114 -0.065231 -0.165121
vn -0.920329 -0.351925 -0.170713
vn -0.768523 -0.594972 -0.235332
vn -0.551804 -0.757372 -0.349143
vn -0.303167 -0.814399 -0.494817
vn -0.060465 -0.757371 -0.650179
vn 0.139353 -0.594972 -0.791574
vn 0.265868 -0.351925 -0.897476
vn 0.299816 -0.065231 -0.951764
vn 0.426343 0.287197 -0.857758
vn 0.249201 0.570808 -0.782353
vn -0.003687 0.760311 -0.649549
vn -0.293819 0.826856 -0.479562
vn -0.577027 0.760311 -0.298273
vn -0.810194 0.570809 -0.133280
vn -0.957822 0.287198 -0.009703
vn -0.997437 -0.047344 0.053646
vn -0.923007 -0.381886 0.047121
vn -0.745865 -0.665497 -0.028284
vn -0.492978 -0.854999 -0.161088
vn -0.202845 -0.921544 -0.331075
vn 0.080364 -0.855000 -0.512364
vn 0.313530 -0.665497 -0.677357
vn 0.461159 -0.381886 -0.800934
vn 0.500773 -0.047344 -0.864283
vn 0.611454 0.343334 -0.712914
vn 0.416378 0.655657 -0.629876
vn 0.137889 0.864346 -0.483625
vn -0.181617 0.937627 -0.296430
vn -0.493496 0.864346 -0.096788
vn -0.750268 0.655659 0.084908
vn -0.912842 0.343335 0.220997
vn -0.956468 -0.025074 0.290759
vn -0.874503 -0.393486 0.283574
vn -0.679427 -0.705808 0.200535
vn -0.400937 -0.914496 0.054286
vn -0.081431 -0.987778 -0.132908
vn 0.230449 -0.914496 -0.332551
vn 0.487220 -0.705808 -0.514249
vn 0.649793 -0.393486 -0.650337
vn 0.693418 -0.025076 -0.720099
vn 0.767963 0.380799 -0.514999
vn 0.566327 0.703626 -0.429168
vn 0.278472 0.919331 -0.278001
vn -0.051777 0.995076 -0.084511
vn -0.374145 0.919331 0.121845
vn -0.639552 0.703626 0.309653
vn -0.807592 0.380800 0.450318
vn -0.852685 0.000000 0.522426
vn -0.767963 -0.380799 0.515000
vn -0.566326 -0.703626 0.429168
vn -0.278472 -0.919331 0.278001
vn 0.051779 -0.995076 0.084511
vn 0.374145 -0.919331 -0.121846
vn 0.639552 -0.703625 -0.309653
vn 0.807592 -0.380799 -0.450318
vn 0.852685 0.000000 -0.522426
vn 0.874503 0.393485 -0.283574
vn 0.679426 0.705808 -0.200535
vn 0.400937 0.914496 -0.054286
vn 0.081432 0.987777 0.132909
vn -0.230448 0.914496 0.332552
vn -0.487220 0.705808 0.514249
vn -0.649793 0.393485 0.650337
vn -0.693418 0.025075 0.720099
vn -0.611454 -0.343334 0.712914
vn -0.416378 -0.655658 0.629875
vn -0.137888 -0.864346 0.483624
vn 0.181617 -0.937627 0.296429
vn 0.493496 -0.864346 0.096786
vn 0.750268 -0.655658 -0.084910
vn 0.912842 -0.343335 -0.220998
vn 0.956468 0.025075 -0.290759
vn 0.923007 0.381886 -0.047121
vn 0.745865 0.665497 0.028284
vn 0.492978 0.854999 0.161088
vn 0.202845 0.921544 0.331075
vn -0.080363 0.855000 0.512365
vn -0.313531 0.665497 0.677357
vn -0.461159 0.381887 0.800934
vn -0.500773 0.047345 0.864283
vn -0.426343 -0.287197 0.857758
vn -0.249201 -0.570807 0.782354
vn 0.003687 -0.760311 0.649549
vn 0.293820 -0.826856 0.479562
vn 0.577027 -0.760311 0.298272
vn 0.810194 -0.570809 0.133279
vn 0.957822 -0.287198 0.009702
vn 0.997437 0.047344 -0.053646
vn 0.920330 0.351924 0.170713
vn 0.768522 0.594972 0.235333
vn 0.551804 0.757371 0.349143
vn 0.303168 0.814398 0.494818
vn 0.060466 0.757371 0.650179
vn -0.139353 0.594972 0.791574
vn -0.265867 0.351925 0.897476
vn -0.299816 0.065231 0.951764
vn -0.236031 -0.221464 0.946173
vn -0.084225 -0.464511 0.881553
vn 0.132494 -0.626911 0.767743
vn 0.381131 -0.683938 0.622068
vn 0.623833 -0.626911 0.466707
vn 0.823651 -0.464512 0.325313
vn 0.950165 -0.221464 0.219410
vn 0.984114 0.065230 0.165122
vn 0.880359 0.310796 0.358294
vn 0.757378 0.507692 0.410643
vn 0.581812 0.639253 0.502843
vn 0.380388 0.685451 0.620855
vn 0.183773 0.639253 0.746715
vn 0.021898 0.507692 0.861260
vn -0.080593 0.310796 0.947054
vn -0.108096 0.078542 0.991033
vn -0.056424 -0.153713 0.986503
vn 0.066557 -0.350609 0.934154
vn 0.242124 -0.482170 0.841955
vn 0.443547 -0.528368 0.723943
vn 0.640163 -0.482171 0.598083
vn 0.802038 -0.350609 0.483537
vn 0.904529 -0.153713 0.397743
vn 0.932031 0.078541 0.353764
vn 0.816240 0.264088 0.513819
vn 0.722924 0.413489 0.553541
vn 0.589708 0.513315 0.623500
vn 0.436872 0.548370 0.713045
vn 0.287682 0.513316 0.808545
vn 0.164855 0.413490 0.895460
vn 0.087088 0.264089 0.960559
vn 0.066219 0.087858 0.993930
vn 0.105427 -0.088372 0.990493
vn 0.198743 -0.237773 0.950771
vn 0.331959 -0.337600 0.880812
vn 0.484795 -0.372654 0.791267
vn 0.633984 -0.337599 0.695767
vn 0.756811 -0.237773 0.608852
vn 0.834580 -0.088372 0.543753
vn 0.855448 0.087857 0.510382
vn 0.737765 0.215460 0.639750
vn 0.673412 0.318491 0.667143
vn 0.581543 0.387334 0.715388
vn 0.476142 0.411508 0.777142
vn 0.373257 0.387334 0.843002
vn 0.288552 0.318491 0.902940
vn 0.234922 0.215460 0.947834
vn 0.220531 0.093926 0.970847
vn 0.247570 -0.027606 0.968477
vn 0.311923 -0.130636 0.941084
vn 0.403792 -0.199480 0.892838
vn 0.509192 -0.223655 0.831085
vn 0.612077 -0.199480 0.765225
vn 0.696782 -0.130637 0.705287
vn 0.750412 -0.027606 0.660394
vn 0.764803 0.093927 0.637381
vn 0.655313 0.169124 0.736180
vn 0.617301 0.229985 0.752361
vn 0.563033 0.270651 0.780859
vn 0.500770 0.284932 0.817339
vn 0.439993 0.270652 0.856244
vn 0.389958 0.229985 0.891650
vn 0.358278 0.169124 0.918169
vn 0.349777 0.097332 0.931763
vn 0.365750 0.025542 0.930363
vn 0.403763 -0.035319 0.914182
vn 0.458031 -0.075986 0.885683
vn 0.520293 -0.090267 0.849204
vn 0.581068 -0.075987 0.810300
vn 0.631105 -0.035320 0.774893
vn 0.662786 0.025542 0.748373
vn 0.671286 0.097332 0.734780
vn -0.519853 -0.099110 -0.848487
vn 0.519854 0.099110 0.848486
vn 0.365750 -0.025542 -0.930363
vn 0.247570 0.027606 -0.968477
vn 0.403764 0.035320 -0.914181
vn 0.311923 0.130636 -0.941084
vn 0.458032 0.075986 -0.885682
vn 0.403793 0.199479 -0.892838
vn 0.520293 0.090267 -0.849204
vn 0.509192 0.223654 -0.831085
vn 0.581068 0.075986 -0.810300
vn 0.612077 0.199480 -0.765225
vn 0.631105 0.035320 -0.774893
vn 0.696782 0.130637 -0.705287
vn 0.662785 -0.025541 -0.748374
vn 0.750412 0.027606 -0.660394
vn 0.671287 -0.097333 -0.734779
vn 0.764804 -0.093927 -0.637380
vn 0.655314 -0.169124 -0.736180
vn 0.737765 -0.215460 -0.639750
vn 0.617298 -0.229986 -0.752363
vn 0.673412 -0.318491 -0.667144
vn 0.563031 -0.270652 -0.780861
vn 0.581542 -0.387333 -0.715389
vn 0.500770 -0.284932 -0.817339
vn 0.476142 -0.411507 -0.777142
vn 0.439995 -0.270653 -0.856243
vn 0.373258 -0.387333 -0.843001
vn 0.389959 -0.229987 -0.891649
vn 0.288553 -0.318490 -0.902940
vn 0.358278 -0.169124 -0.918169
vn 0.234922 -0.215460 -0.947834
vn 0.349777 -0.097333 -0.931763
vn 0.220531 -0.093927 -0.970847
vn 0.105427 0.088373 -0.990493
vn 0.198742 0.237773 -0.950771
vn 0.331959 0.337599 -0.880812
vn 0.484796 0.372654 -0.791266
vn 0.633984 0.337600 -0.695766
vn 0.756812 0.237774 -0.608851
vn 0.834580 0.088373 -0.543753
vn 0.855448 -0.087858 -0.510382
vn 0.816240 -0.264087 -0.513819
vn 0.722925 -0.413488 -0.553541
vn 0.589708 -0.513315 -0.623501
vn 0.436872 -0.548369 -0.713046
vn 0.287684 -0.513315 -0.808546
vn 0.164856 -0.413488 -0.895461
vn 0.087088 -0.264088 -0.960559
vn 0.066219 -0.087858 -0.993930
vn -0.056424 0.153713 -0.986503
vn 0.066557 0.350608 -0.934154
vn 0.242123 0.482171 -0.841955
vn 0.443547 0.528370 -0.723942
vn 0.640163 0.482171 -0.598082
vn 0.802038 0.350610 -0.483536
vn 0.904529 0.153713 -0.397743
vn 0.932031 -0.078542 -0.353764
vn 0.880359 -0.310795 -0.358294
vn 0.757378 -0.507692 -0.410643
vn 0.581811 -0.639254 -0.502842
vn 0.380388 -0.685453 -0.620854
vn 0.183772 -0.639254 -0.746714
vn 0.021897 -0.507692 -0.861260
vn -0.080594 -0.310796 -0.947054
vn -0.108096 -0.078542 -0.991033
vn -0.236032 0.221464 -0.946173
vn -0.084225 0.464511 -0.881553
vn 0.132494 0.626911 -0.767742
vn 0.381131 0.683939 -0.622067
vn 0.623833 0.626911 -0.466707
vn 0.823651 0.464512 -0.325312
vn 0.950165 0.221464 -0.219410
vn 0.984114 -0.065230 -0.165122
vn 0.920329 -0.351925 -0.170713
vn 0.768522 -0.594973 -0.235332
vn 0.551804 -0.757372 -0.349143
vn 0.303168 -0.814398 -0.494818
vn 0.060466 -0.757371 -0.650179
vn -0.139353 -0.594972 -0.791574
vn -0.265867 -0.351925 -0.897476
vn -0.299816 -0.065231 -0.951764
vn -0.426342 0.287196 -0.857759
vn -0.249200 0.570807 -0.782354
vn 0.003688 0.760310 -0.649550
vn 0.293821 0.826854 -0.479564
vn 0.577028 0.760310 -0.298275
vn 0.810194 0.570808 -0.133281
vn 0.957822 0.287197 -0.009703
vn 0.997437 -0.047345 0.053646
vn 0.923007 -0.381886 0.047122
vn 0.745864 -0.665498 -0.028281
vn 0.492977 -0.855000 -0.161088
vn 0.202845 -0.921544 -0.331075
vn -0.080363 -0.855000 -0.512364
vn -0.313531 -0.665497 -0.677357
vn -0.461159 -0.381887 -0.800934
vn -0.500772 -0.047345 -0.864283
vn -0.611453 0.343335 -0.712914
vn -0.416377 0.655657 -0.629876
vn -0.137887 0.864345 -0.483627
vn 0.181619 0.937626 -0.296431
vn 0.493497 0.864345 -0.096788
vn 0.750269 0.655658 0.084908
vn 0.912842 0.343336 0.220996
vn 0.956468 -0.025074 0.290759
vn 0.874502 -0.393485 0.283575
vn 0.679426 -0.705808 0.200537
vn 0.400937 -0.914496 0.054287
vn 0.081431 -0.987777 -0.132909
vn -0.230448 -0.914496 -0.332552
vn -0.487221 -0.705808 -0.514248
vn -0.649793 -0.393485 -0.650337
vn -0.693418 -0.025075 -0.720099
vn -0.767964 0.380799 -0.514998
vn -0.566329 0.703625 -0.429167
vn -0.278474 0.919331 -0.277998
vn 0.051776 0.995077 -0.084507
vn 0.374144 0.919331 0.121848
vn 0.639551 0.703626 0.309654
vn 0.807591 0.380800 0.450319
vn 0.852684 0.000000 0.522426
vn 0.767964 -0.380799 0.514999
vn 0.566329 -0.703625 0.429166
vn 0.278474 -0.919331 0.277998
vn -0.051777 -0.995077 0.084509
vn -0.374144 -0.919331 -0.121848
vn -0.639551 -0.703625 -0.309654
vn -0.807592 -0.380800 -0.450319
vn -0.852685 -0.000001 -0.522426
vn -0.874503 0.393484 -0.283575
vn -0.679426 0.705808 -0.200537
vn -0.400937 0.914496 -0.054287
vn -0.081432 0.987777 0.132908
vn 0.230449 0.914496 0.332551
vn 0.487220 0.705809 0.514247
vn 0.649794 0.393485 0.650337
vn 0.693419 0.025075 0.720099
vn 0.611454 -0.343335 0.712913
vn 0.416377 -0.655658 0.629875
vn 0.137887 -0.864346 0.483626
vn -0.181618 -0.937627 0.296431
vn -0.493497 -0.864345 0.096789
vn -0.750269 -0.655658 -0.084908
vn -0.912843 -0.343335 -0.220997
vn -0.956468 0.025075 -0.290759
vn -0.923007 0.381886 -0.047123
vn -0.745864 0.665497 0.028281
vn -0.492976 0.855000 0.161086
vn -0.202844 0.921544 0.331075
vn 0.080364 0.855000 0.512364
vn 0.313531 0.665498 0.677356
vn 0.461159 0.381888 0.800933
vn 0.500773 0.047345 0.864283
vn 0.426344 -0.287196 0.857758
vn 0.249200 -0.570807 0.782355
vn -0.003689 -0.760310 0.649550
vn -0.293821 -0.826854 0.479564
vn -0.577027 -0.760310 0.298275
vn -0.810194 -0.570808 0.133281
vn -0.957822 -0.287197 0.009703
vn -0.997437 0.047345 -0.053646
vn -0.920329 0.351925 0.170713
vn -0.768522 0.594972 0.235333
vn -0.551804 0.757371 0.349145
vn -0.303168 0.814397 0.494821
vn -0.060467 0.757370 0.650180
vn 0.139353 0.594972 0.791574
vn 0.265867 0.351925 0.897476
vn 0.299816 0.065231 0.951764
vn 0.236031 -0.221464 0.946173
vn 0.084225 -0.464511 0.881553
vn -0.132494 -0.626912 0.767742
vn -0.381130 -0.683939 0.622067
vn -0.623832 -0.626911 0.466707
vn -0.823651 -0.464512 0.325312
vn -0.950165 -0.221464 0.219409
vn -0.984114 0.065230 0.165121
vn -0.880358 0.310796 0.358296
vn -0.757378 0.507691 0.410644
vn -0.581811 0.639253 0.502843
vn -0.380387 0.685452 0.620855
vn -0.183772 0.639253 0.746715
vn -0.021897 0.507692 0.861261
vn 0.080594 0.310796 0.947054
vn 0.108096 0.078542 0.991033
vn 0.056424 -0.153713 0.986503
vn -0.066557 -0.350609 0.934154
vn -0.242123 -0.482171 0.841954
vn -0.443547 -0.528370 0.723941
vn -0.640163 -0.482171 0.598082
vn -0.802039 -0.350609 0.483536
vn -0.904529 -0.153713 0.397743
vn -0.932031 0.078541 0.353765
vn -0.816240 0.264088 0.513819
vn -0.722924 0.413488 0.553541
vn -0.589708 0.513315 0.623500
vn -0.436871 0.548370 0.713045
vn -0.287683 0.513315 0.808546
vn -0.164856 0.413488 0.895461
vn -0.087088 0.264089 0.960559
vn -0.066219 0.087858 0.993930
vn -0.105426 -0.088373 0.990493
vn -0.198742 -0.237773 0.950771
vn -0.331959 -0.337600 0.880812
vn -0.484796 -0.372654 0.791266
vn -0.633984 -0.337600 0.695767
vn -0.756812 -0.237773 0.608851
vn -0.834580 -0.088372 0.543753
vn -0.855448 0.087858 0.510382
vn -0.737765 0.215460 0.639749
vn -0.673413 0.318490 0.667143
vn -0.581542 0.387333 0.715389
vn -0.476142 0.411508 0.777142
vn -0.373258 0.387333 0.843001
vn -0.288553 0.318491 0.902940
vn -0.234922 0.215460 0.947834
vn -0.220531 0.093927 0.970847
vn -0.247570 -0.027606 0.968477
vn -0.311923 -0.130636 0.941084
vn -0.403793 -0.199479 0.892838
vn -0.509193 -0.223654 0.831084
vn -0.612076 -0.199480 0.765226
vn -0.696781 -0.130637 0.705288
vn -0.750412 -0.027606 0.660393
vn -0.764804 0.093927 0.637379
vn -0.655315 0.169125 0.736179
vn -0.617301 0.229985 0.752360
vn -0.563031 0.270652 0.780861
vn -0.500769 0.284932 0.817339
vn -0.439995 0.270652 0.856243
vn -0.389958 0.229986 0.891650
vn -0.358277 0.169124 0.918169
vn -0.349777 0.097333 0.931763
vn -0.365750 0.025542 0.930363
vn -0.403764 -0.035319 0.914181
vn -0.458031 -0.075986 0.885683
vn -0.520294 -0.090266 0.849204
vn -0.581070 -0.075986 0.810299
vn -0.631104 -0.035321 0.774893
vn -0.662785 0.025541 0.748374
vn -0.671287 0.097334 0.734779
vn 0.519854 -0.099110 -0.848487
vn -0.519854 0.099110 0.848487
vn 0.000000 -0.784511 0.620115
vn 0.000000 -0.773573 0.633708
vn 0.149867 -0.755915 0.637285
vn 0.124472 -0.757802 0.640502
vn -0.214298 -0.600740 0.770187
vn -0.120531 -0.359161 0.925460
vn 0.000000 -0.421120 0.907005
vn 0.000000 -0.210899 0.977508
vn 0.120530 -0.359161 0.925460
vn 0.091572 -0.161033 0.982692
vn -0.120531 -0.359161 0.925460
vn -0.091572 -0.161034 0.982692
vn 0.233107 -0.266225 0.935300
vn 0.219171 -0.059461 0.973873
vn -0.233107 -0.266225 0.935300
vn -0.219172 -0.059461 0.973873
vn 0.354112 -0.504072 0.787729
vn -0.354112 -0.504071 0.787729
vn 0.316981 -0.080532 0.945007
vn 0.432231 -0.330656 0.838954
vn -0.316981 -0.080532 0.945007
vn -0.432231 -0.330656 0.838954
vn 0.379698 -0.059291 0.923208
vn -0.379699 -0.059291 0.923208
vn 0.449220 -0.113514 0.886180
vn -0.449221 -0.113513 0.886180
vn 0.393802 0.105197 0.913156
vn 0.403757 0.042696 0.913870
vn -0.393802 0.105197 0.913156
vn -0.403757 0.042696 0.913870
vn 0.284399 0.178610 0.941921
vn 0.214299 -0.600740 0.770187
vn -0.284399 0.178610 0.941921
vn -0.214298 -0.600740 0.770187
vn 0.000000 -0.617633 0.786467
vn 0.000000 0.220707 0.975340
vn 0.438846 -0.255136 0.861580
vn 0.312869 -0.407183 0.858088
vn -0.438847 -0.255136 0.861579
vn -0.312870 -0.407183 0.858088
vn 0.138933 -0.471443 0.870884
vn -0.138934 -0.471444 0.870884
vn 0.000000 -0.481221 0.876599
vn 0.406493 -0.103129 0.907815
vn -0.406493 -0.103129 0.907815
vn 0.487900 0.100157 0.867134
vn 0.457767 0.151431 0.876081
vn 0.397132 -0.203671 0.894877
vn 0.329508 -0.182013 0.926443
vn -0.313682 -0.069471 0.946983
vn -0.449866 0.227481 0.863639
vn -0.329508 -0.182013 0.926443
vn -0.457767 0.151431 0.876081
vn 0.528331 0.109849 0.841902
vn 0.499559 -0.181860 0.846976
vn 0.566576 0.131073 0.813518
vn 0.604540 -0.149793 0.782364
vn -0.528331 0.109849 0.841902
vn -0.499559 -0.181860 0.846976
vn -0.487900 0.100157 0.867134
vn -0.397132 -0.203671 0.894877
vn 0.626571 0.157355 0.763314
vn 0.717858 -0.091114 0.690202
vn 0.758149 0.192897 0.622898
vn 0.688064 0.196576 0.698516
vn 0.924302 0.114094 0.364209
vn 0.834917 0.015754 0.550150
vn -0.688065 0.196575 0.698516
vn -0.834917 0.015754 0.550150
vn -0.626571 0.157354 0.763314
vn -0.717858 -0.091114 0.690202
vn 0.842562 0.030670 0.537725
vn 0.801199 0.109948 0.588210
vn 0.983650 0.168683 0.063076
vn 0.974017 0.138545 0.179152
vn -0.801199 0.109948 0.588210
vn -0.974018 0.138544 0.179152
vn -0.758149 0.192897 0.622898
vn -0.924302 0.114094 0.364209
vn 0.763389 0.310613 0.566353
vn 0.824281 0.181617 0.536262
vn 0.741315 0.671129 0.006137
vn 0.880420 0.473342 -0.028414
vn -0.847918 0.068767 0.525648
vn -0.958105 0.286371 -0.005142
vn -0.842562 0.030670 0.537725
vn -0.983650 0.168683 0.063075
vn 0.547466 0.356385 0.757146
vn 0.650718 0.369976 0.663087
vn 0.307282 0.937116 0.165506
vn 0.556473 0.826840 0.081686
vn -0.650718 0.369976 0.663087
vn -0.556473 0.826840 0.081686
vn -0.763389 0.310613 0.566353
vn -0.741315 0.671129 0.006137
vn 0.048136 0.960711 0.273346
vn 0.411138 0.309039 0.857590
vn 0.236418 0.903278 0.358045
vn -0.048136 0.960711 0.273346
vn -0.283445 0.202861 0.937287
vn -0.411138 0.309039 0.857590
vn 0.320970 -0.011460 0.947020
vn 0.248339 0.040709 0.967817
vn -0.275828 0.558791 0.782095
vn -0.371955 0.714613 0.592433
vn -0.248338 0.040709 0.967818
vn 0.371955 0.714613 0.592433
vn 0.469862 0.104832 0.876493
vn 0.056350 0.392760 0.917913
vn 0.553782 0.229462 0.800420
vn 0.219346 0.285284 0.933006
vn -0.320969 -0.011460 0.947020
vn -0.469862 0.104832 0.876493
vn 0.275828 0.558790 0.782095
vn -0.056350 0.392760 0.917913
vn 0.516349 0.267308 0.813591
vn 0.265490 0.188916 0.945424
vn 0.513887 0.279585 0.811019
vn 0.308083 0.077029 0.948236
vn -0.553782 0.229462 0.800420
vn -0.516349 0.267308 0.813591
vn -0.219346 0.285284 0.933006
vn -0.265490 0.188916 0.945424
vn -0.513887 0.279584 0.811019
vn -0.308083 0.077029 0.948236
vn 0.313682 -0.069471 0.946983
vn 0.449866 0.227482 0.863639
vn -0.566576 0.131073 0.813518
vn -0.604540 -0.149793 0.782364
vn -0.824281 0.181617 0.536262
vn -0.880420 0.473342 -0.028414
vn -0.307282 0.937116 0.165506
vn -0.547466 0.356385 0.757147
vn 0.283445 0.202861 0.937287
vn -0.236418 0.903278 0.358045
vn -0.118352 0.327273 0.937489
vn -0.158411 0.257051 0.953326
vn 0.000000 0.341297 0.939956
vn 0.000000 0.269053 0.963125
vn 0.221614 0.303430 0.926724
vn 0.118352 0.327273 0.937489
vn 0.275272 0.222453 0.935275
vn 0.158411 0.257051 0.953326
vn -0.275272 0.222453 0.935275
vn -0.221614 0.303430 0.926724
vn 0.000000 0.240651 0.970612
vn -0.237832 0.212360 0.947808
vn 0.237832 0.212360 0.947808
vn -0.348191 0.152803 0.924886
vn 0.348190 0.152803 0.924886
vn -0.373747 -0.154397 0.914590
vn -0.379261 -0.161505 0.911086
vn 0.373747 -0.154397 0.914590
vn 0.379261 -0.161505 0.911086
vn -0.115502 -0.264049 0.957569
vn 0.000000 -0.264039 0.964512
vn 0.115501 -0.264049 0.957569
vn -0.274603 -0.234739 0.932465
vn 0.274603 -0.234739 0.932465
vn -0.400569 -0.074462 0.913236
vn 0.400569 -0.074462 0.913236
vn -0.504076 -0.071871 0.860664
vn 0.504076 -0.071871 0.860664
vn 0.337956 -0.040940 0.940271
vn -0.337956 -0.040940 0.940271
vn 0.235823 -0.071503 0.969162
vn -0.235823 -0.071503 0.969162
vn 0.111979 -0.083777 0.990173
vn -0.111979 -0.083777 0.990173
vn 0.000000 -0.082279 0.996609
vn -0.338408 -0.035162 0.940342
vn -0.437256 -0.027681 0.898911
vn 0.338408 -0.035162 0.940342
vn 0.437256 -0.027681 0.898911
vn -0.544314 -0.043212 0.837768
vn 0.544313 -0.043212 0.837768
vn -0.233600 -0.053572 0.970856
vn 0.233600 -0.053573 0.970856
vn -0.120918 -0.063325 0.990641
vn 0.120918 -0.063325 0.990641
vn 0.000000 -0.064277 0.997932
vn -0.615239 -0.081833 0.784082
vn 0.615239 -0.081833 0.784082
vn 0.847918 0.068767 0.525648
vn 0.958105 0.286372 -0.005142
vn -0.077550 0.497583 0.863943
vn -0.118721 0.466841 0.876336
vn 0.077550 0.497583 0.863943
vn 0.118721 0.466841 0.876336
vn 0.000000 0.512125 0.858911
vn 0.090332 0.661248 0.744709
vn -0.090332 0.661248 0.744709
vn -0.033437 0.699143 0.714200
vn 0.033437 0.699143 0.714200
vn 0.000000 0.712469 0.701704
vn -0.774271 -0.120158 0.621342
vn -0.825055 -0.066469 0.561129
vn -0.789178 0.131092 0.600011
vn -0.837922 0.027955 0.545073
vn 0.774271 -0.120158 0.621343
vn 0.825055 -0.066469 0.561130
vn 0.823258 -0.362340 0.436984
vn 0.911315 -0.199847 0.359952
vn -0.952332 -0.282832 0.114320
vn -0.819000 -0.553662 0.150655
vn -0.949475 -0.290102 -0.119744
vn -0.798783 -0.579187 -0.162751
vn 0.952332 -0.282832 0.114320
vn 0.819000 -0.553662 0.150654
vn -0.823258 -0.362340 0.436984
vn -0.911315 -0.199847 0.359952
vn 0.789178 0.131092 0.600011
vn 0.837922 0.027955 0.545074
vn 0.949475 -0.290102 -0.119744
vn 0.798783 -0.579187 -0.162751
vn -0.831996 0.337412 0.440382
vn -0.942566 0.159086 0.293701
vn -0.860674 0.474067 0.185745
vn -0.973743 0.222385 0.048680
vn 0.831996 0.337412 0.440382
vn 0.942566 0.159086 0.293701
vn 0.860674 0.474067 0.185746
vn 0.973743 0.222385 0.048680
vn -0.858368 0.505707 -0.086394
vn -0.950828 0.287031 -0.116360
vn -0.841247 0.451988 -0.296664
vn -0.880947 0.321063 -0.347637
vn 0.858368 0.505707 -0.086394
vn 0.950828 0.287031 -0.116360
vn 0.841247 0.451988 -0.296664
vn 0.880947 0.321063 -0.347637
vn -0.811607 0.335748 -0.478087
vn -0.852902 0.253608 -0.456334
vn -0.815802 0.131949 -0.563078
vn -0.856154 0.103689 -0.506210
vn 0.811607 0.335748 -0.478087
vn 0.852902 0.253608 -0.456334
vn 0.815802 0.131949 -0.563078
vn 0.856154 0.103689 -0.506210
vn -0.839655 -0.143676 -0.523771
vn -0.878170 -0.105912 -0.466477
vn -0.852821 -0.317027 -0.414957
vn -0.884486 -0.245068 -0.397021
vn 0.839655 -0.143676 -0.523771
vn 0.878170 -0.105912 -0.466477
vn -0.822232 -0.449011 -0.349749
vn -0.928665 -0.263833 -0.260717
vn 0.822232 -0.449011 -0.349749
vn 0.928665 -0.263833 -0.260717
vn 0.852821 -0.317027 -0.414957
vn 0.884489 -0.245064 -0.397018
vn -0.711856 -0.062787 0.699513
vn 0.711856 -0.062787 0.699513
vn 0.643793 -0.061596 0.762716
vn -0.643793 -0.061596 0.762716
vn -0.731804 -0.070832 0.677824
vn 0.731804 -0.070832 0.677824
vn -0.964293 0.255714 -0.068921
vn 0.964292 0.255715 -0.068921
vn -0.912514 0.379044 -0.153767
vn 0.912514 0.379044 -0.153767
vn -0.442042 0.884775 -0.147556
vn -0.635374 0.748230 -0.190925
vn 0.442042 0.884775 -0.147556
vn 0.635374 0.748230 -0.190924
vn -0.801001 0.566771 -0.192791
vn 0.801001 0.566771 -0.192792
vn 0.046596 0.998350 0.033545
vn 0.246333 0.960056 0.132713
vn -0.046596 0.998351 0.033545
vn -0.246333 0.960056 0.132714
vn -0.193923 0.979187 -0.059892
vn 0.193922 0.979187 -0.059892
vn 0.000000 0.948955 0.315412
vn -0.057371 0.954768 0.291766
vn 0.000000 0.906078 0.423111
vn -0.003414 0.916729 0.399495
vn 0.057371 0.954768 0.291766
vn 0.003414 0.916729 0.399495
vn 0.276598 0.909501 0.310324
vn 0.151606 0.963904 0.218872
vn -0.276598 0.909501 0.310325
vn -0.151606 0.963904 0.218872
vn 0.000000 0.839543 0.543293
vn 0.009815 0.829811 0.557959
vn -0.009815 0.829811 0.557959
vn 0.279109 0.804070 0.524948
vn -0.279109 0.804070 0.524948
vn -0.934881 0.321636 -0.150157
vn 0.934881 0.321636 -0.150157
vn -0.854820 0.383493 -0.349593
vn 0.854820 0.383493 -0.349593
vn -0.626515 0.468645 -0.622776
vn -0.704661 0.408441 -0.580198
vn 0.370667 0.547810 -0.750007
vn 0.626515 0.468645 -0.622776
vn 0.462363 0.529893 -0.710938
vn 0.704661 0.408441 -0.580198
vn -0.462363 0.529893 -0.710938
vn -0.370667 0.547810 -0.750007
vn 0.000000 -0.133096 -0.991103
vn 0.032921 -0.154117 -0.987504
vn 0.000000 -0.473968 -0.880542
vn -0.011726 -0.491421 -0.870843
vn 0.011726 -0.491421 -0.870843
vn -0.032921 -0.154117 -0.987504
vn -0.024571 -0.751822 -0.658908
vn -0.105527 -0.848444 -0.518658
vn 0.000000 -0.725477 -0.688247
vn 0.000000 -0.865979 -0.500080
vn 0.024571 -0.751822 -0.658908
vn 0.105527 -0.848444 -0.518658
vn 0.000000 -0.934096 -0.357022
vn -0.363463 -0.795078 -0.485536
vn 0.363463 -0.795078 -0.485536
vn 0.272697 0.623316 -0.732880
vn 0.137832 0.662798 -0.736003
vn 0.204656 0.626530 -0.752048
vn 0.108335 0.675631 -0.729237
vn -0.272697 0.623316 -0.732880
vn -0.204656 0.626530 -0.752048
vn -0.137832 0.662798 -0.736003
vn -0.108335 0.675631 -0.729237
vn 0.000000 0.694141 -0.719839
vn 0.000000 0.674785 -0.738014
vn -0.872705 0.455279 -0.176372
vn 0.872705 0.455279 -0.176372
vn -0.778405 0.521058 -0.350122
vn 0.301956 0.571763 -0.762830
vn 0.145008 0.588435 -0.795435
vn -0.301956 0.571763 -0.762830
vn -0.145008 0.588435 -0.795435
vn 0.546590 0.565264 -0.617832
vn -0.546590 0.565264 -0.617832
vn 0.778405 0.521058 -0.350122
vn -0.066730 0.626397 -0.776643
vn 0.066730 0.626397 -0.776643
vn 0.000000 0.648980 -0.760806
vn 0.000000 0.689478 -0.724307
vn 0.033058 0.687099 -0.725812
vn -0.033058 0.687099 -0.725812
vn -0.771255 0.613743 -0.168774
vn 0.771255 0.613743 -0.168774
vn -0.693666 0.664839 -0.277159
vn 0.693666 0.664839 -0.277158
vn -0.258977 0.720192 -0.643626
vn -0.108280 0.703691 -0.702207
vn 0.258977 0.720192 -0.643626
vn 0.108280 0.703691 -0.702207
vn -0.480191 0.721303 -0.499138
vn 0.480191 0.721303 -0.499138
vn 0.035275 0.888253 -0.457999
vn 0.000000 0.873447 -0.486920
vn -0.035275 0.888252 -0.457999
vn -0.627420 0.767515 -0.131397
vn 0.627420 0.767515 -0.131396
vn -0.560250 0.813015 -0.158514
vn 0.560251 0.813015 -0.158512
vn -0.086022 0.904595 -0.417502
vn -0.175173 0.912738 -0.369086
vn 0.086022 0.904595 -0.417501
vn 0.175173 0.912738 -0.369086
vn -0.355042 0.884309 -0.303220
vn 0.355042 0.884309 -0.303220
vn 0.000000 0.984874 -0.173272
vn 0.063926 0.985898 -0.154657
vn -0.063926 0.985898 -0.154657
vn 0.068824 0.990823 -0.116335
vn -0.068824 0.990823 -0.116335
vn -0.095732 0.974037 0.205151
vn 0.025719 0.985685 0.166626
vn 0.000000 0.977040 0.213055
vn 0.095732 0.974037 0.205151
vn -0.025719 0.985685 0.166625
vn -0.046418 0.996549 0.068810
vn -0.093353 0.993241 0.068976
vn 0.000000 0.998680 0.051362
vn 0.093353 0.993241 0.068976
vn 0.046418 0.996549 0.068811
vn 0.112769 0.990060 0.084047
vn -0.112769 0.990060 0.084047
vn -0.010381 0.999943 0.002570
vn 0.010381 0.999943 0.002571
vn -0.213585 0.975394 -0.054661
vn 0.213585 0.975394 -0.054661
vn -0.454597 0.885305 -0.097856
vn 0.454597 0.885306 -0.097855
vn -0.391569 0.917528 -0.069398
vn -0.217848 0.975801 -0.018817
vn 0.391569 0.917528 -0.069396
vn 0.217848 0.975801 -0.018818
vn -0.199735 0.974712 -0.100214
vn 0.199735 0.974712 -0.100213
vn -0.078154 0.989904 -0.118248
vn 0.078154 0.989904 -0.118248
vn 0.002590 0.999394 0.034706
vn -0.002590 0.999394 0.034706
vn -0.077575 0.996986 -0.001180
vn 0.077575 0.996986 -0.001180
vn 0.000000 0.565852 -0.824507
vn -0.147765 0.569157 -0.808842
vn 0.147765 0.569157 -0.808842
vn -0.333669 0.539617 -0.772967
vn 0.333669 0.539618 -0.772967
vn -0.545889 0.447822 -0.708139
vn 0.545889 0.447823 -0.708138
vn -0.728000 0.335215 -0.598036
vn 0.728000 0.335215 -0.598036
vn 0.817728 -0.033731 -0.574616
vn 0.817109 -0.225035 -0.530747
vn 0.675590 0.063054 -0.734576
vn 0.645490 -0.185893 -0.740801
vn 0.356036 -0.166818 -0.919462
vn 0.405252 0.133993 -0.904332
vn 0.090777 0.155074 -0.983723
vn 0.000000 0.164104 -0.986443
vn -0.090777 0.155074 -0.983723
vn -0.405252 0.133993 -0.904332
vn -0.356036 -0.166818 -0.919462
vn -0.675590 0.063054 -0.734577
vn -0.645491 -0.185896 -0.740800
vn -0.817728 -0.033731 -0.574616
vn -0.817108 -0.225040 -0.530746
vn -0.774249 0.171343 -0.609245
vn -0.623901 0.280317 -0.729500
vn -0.387987 0.376380 -0.841311
vn -0.126075 0.401055 -0.907337
vn 0.000000 0.388198 -0.921576
vn 0.126075 0.401055 -0.907337
vn 0.387987 0.376381 -0.841311
vn 0.623901 0.280318 -0.729500
vn 0.774249 0.171343 -0.609245
vn -0.285810 -0.518239 -0.806065
vn -0.549293 -0.503965 -0.666555
vn 0.285810 -0.518239 -0.806065
vn 0.549290 -0.503965 -0.666558
vn -0.826441 -0.396433 -0.399796
vn -0.738797 -0.443122 -0.507761
vn 0.826444 -0.396432 -0.399790
vn 0.738798 -0.443120 -0.507761
vn -0.877600 -0.397526 -0.267938
vn 0.877600 -0.397526 -0.267938
vn -0.900656 -0.430462 -0.059336
vn 0.900656 -0.430462 -0.059336
vn -0.863993 -0.412169 0.289192
vn 0.863993 -0.412169 0.289192
vn -0.134091 -0.222725 0.965615
vn 0.000000 -0.228868 0.973458
vn 0.134091 -0.222725 0.965615
vn -0.378366 -0.206367 0.902359
vn -0.482211 -0.205218 0.851679
vn 0.378366 -0.206367 0.902359
vn 0.482211 -0.205218 0.851679
vn -0.582462 -0.207187 0.786010
vn 0.582462 -0.207187 0.786010
vn -0.261459 -0.211660 0.941721
vn 0.261459 -0.211660 0.941721
vn 0.697036 -0.220639 0.682246
vn -0.697036 -0.220639 0.682246
vn -0.809418 -0.230143 0.540257
vn 0.809418 -0.230143 0.540257
vn 0.884320 -0.400535 -0.239894
vn 0.810071 -0.325466 -0.487705
vn 0.615457 -0.758482 -0.214286
vn -0.810071 -0.325466 -0.487705
vn -0.494778 -0.258535 -0.829671
vn -0.152169 -0.702154 -0.695575
vn 0.494778 -0.258535 -0.829671
vn 0.039373 -0.294494 -0.954842
vn 0.152169 -0.702154 -0.695575
vn -0.077989 -0.585696 -0.806770
vn -0.039373 -0.294494 -0.954842
vn 0.077989 -0.585696 -0.806770
vn 0.333507 -0.411844 -0.848032
vn 0.341477 -0.560659 -0.754357
vn -0.615457 -0.758481 -0.214286
vn -0.884320 -0.400535 -0.239894
vn -0.333507 -0.411844 -0.848032
vn -0.341477 -0.560659 -0.754358
vn -0.748312 -0.606581 -0.268495
vn -0.600476 -0.572444 -0.558333
vn -0.776837 -0.567881 -0.272096
vn -0.608633 -0.503474 -0.613254
vn 0.600476 -0.572444 -0.558333
vn 0.608633 -0.503474 -0.613254
vn 0.776837 -0.567881 -0.272096
vn 0.748312 -0.606580 -0.268495
vn -0.742094 -0.665758 0.077871
vn -0.781067 -0.610417 0.131628
vn 0.742094 -0.665758 0.077871
vn 0.781067 -0.610417 0.131628
vn -0.612300 -0.729658 0.304448
vn -0.661243 -0.621013 0.420833
vn 0.612300 -0.729658 0.304448
vn 0.661243 -0.621013 0.420833
vn 0.088485 -0.911077 0.402627
vn 0.287014 -0.813942 0.505096
vn 0.179654 -0.951443 0.249960
vn 0.629487 -0.704446 0.327876
vn 0.301214 -0.851503 0.429200
vn 0.119858 -0.881456 0.456804
vn 0.275972 -0.747757 0.603903
vn 0.023890 -0.801027 0.598152
vn -0.563656 -0.634251 0.529167
vn -0.499478 -0.782964 0.370796
vn -0.088486 -0.911076 0.402629
vn -0.287014 -0.813942 0.505095
vn 0.821634 -0.555269 0.128822
vn 0.468319 -0.882690 0.039185
vn -0.821634 -0.555269 0.128822
vn -0.629487 -0.704446 0.327876
vn -0.468319 -0.882690 0.039185
vn -0.179654 -0.951443 0.249961
vn 0.883355 -0.463807 -0.067583
vn 0.642404 -0.758791 -0.107485
vn -0.883355 -0.463807 -0.067583
vn -0.642404 -0.758791 -0.107485
vn 0.000000 -0.995616 -0.093537
vn -0.615457 -0.758481 -0.214286
vn 0.615457 -0.758482 -0.214286
vn -0.642404 -0.758791 -0.107485
vn 0.000000 -0.992393 -0.123111
vn 0.642404 -0.758791 -0.107485
vn 0.000000 -0.995714 -0.092485
vn 0.000001 -0.987622 0.156852
vn -0.059062 -0.808515 -0.585504
vn -0.209083 -0.728048 -0.652864
vn 0.367561 -0.728769 -0.577750
vn 0.188336 -0.769162 -0.610671
vn -0.430134 -0.646196 -0.630409
vn 0.572619 -0.631437 -0.522872
vn -0.647607 -0.583064 -0.490552
vn 0.722648 -0.543548 -0.427007
vn -0.770658 -0.576826 -0.270846
vn -0.775082 -0.631845 0.004513
vn 0.810576 -0.520529 -0.268358
vn 0.836163 -0.547558 -0.031808
vn -0.679615 -0.699871 0.219780
vn 0.789575 -0.571031 0.224710
vn -0.836163 -0.547558 -0.031808
vn -0.789575 -0.571031 0.224710
vn -0.810576 -0.520529 -0.268358
vn -0.722648 -0.543545 -0.427011
vn -0.572622 -0.631431 -0.522875
vn -0.367563 -0.728768 -0.577750
vn -0.188336 -0.769162 -0.610671
vn 0.775082 -0.631845 0.004513
vn 0.679615 -0.699871 0.219780
vn 0.770658 -0.576826 -0.270846
vn 0.647607 -0.583064 -0.490552
vn 0.430134 -0.646196 -0.630408
vn 0.209083 -0.728048 -0.652864
vn 0.059062 -0.808515 -0.585504
vn 0.000001 -0.455369 0.890303
vn 0.127774 -0.445320 0.886208
vn -0.127773 -0.445318 0.886209
vn -0.394278 -0.397506 0.828573
vn -0.491558 -0.387797 0.779734
vn 0.394274 -0.397505 0.828576
vn 0.491554 -0.387786 0.779741
vn -0.585295 -0.386848 0.712586
vn 0.585300 -0.386834 0.712589
vn -0.267574 -0.419168 0.867584
vn 0.267573 -0.419170 0.867583
vn 0.721528 -0.403524 0.562642
vn -0.721524 -0.403528 0.562644
vn 0.087979 -0.686912 0.721396
vn 0.000002 -0.706077 0.708135
vn -0.087977 -0.686910 0.721398
vn 0.061982 -0.838101 0.541982
vn 0.236929 -0.787781 0.568564
vn -0.567007 -0.743211 0.355163
vn 0.389789 -0.762204 0.516827
vn -0.236938 -0.787781 0.568560
vn -0.119860 -0.881456 0.456804
vn -0.061984 -0.838102 0.541980
vn -0.023890 -0.801027 0.598152
vn -0.207400 -0.635448 0.743768
vn 0.207398 -0.635450 0.743767
vn -0.353170 -0.575281 0.737782
vn 0.353159 -0.575281 0.737788
vn -0.275972 -0.747756 0.603904
vn -0.301222 -0.851498 0.429204
vn -0.389800 -0.762197 0.516828
vn 0.467859 -0.678981 0.565767
vn 0.563656 -0.634250 0.529167
vn 0.422753 -0.818418 0.389195
vn 0.499479 -0.782967 0.370788
vn 0.486067 -0.752271 0.444777
vn 0.567013 -0.743213 0.355149
vn 0.015347 -0.892842 0.450108
vn 0.000002 -0.909501 0.415701
vn -0.015345 -0.892842 0.450109
vn -0.560412 -0.558749 0.611341
vn -0.469133 -0.551343 0.689880
vn 0.560427 -0.558737 0.611338
vn 0.469127 -0.551336 0.689891
vn -0.679280 -0.574042 0.457225
vn 0.679290 -0.574038 0.457215
vn -0.467859 -0.678981 0.565767
vn -0.422756 -0.818411 0.389206
vn -0.486062 -0.752265 0.444794
vn -0.476035 0.106277 0.872981
vn -0.688295 0.037060 0.724484
vn -0.347239 -0.321214 0.881049
vn -0.500307 -0.353420 0.790435
vn 0.430988 -0.261050 0.863772
vn 0.257142 -0.653354 0.712044
vn -0.183934 -0.672508 0.716869
vn -0.357549 -0.735000 0.576137
vn -0.018151 -0.926273 0.376417
vn -0.297888 -0.928226 0.222842
vn 0.819000 -0.553662 0.150654
vn 0.798783 -0.579187 -0.162751
vn 0.031826 -0.912394 0.408074
vn -0.105241 -0.993842 -0.034686
vn 0.516819 0.162726 0.840487
vn 0.106552 -0.992440 -0.060908
vn -0.134516 -0.980398 -0.143965
vn -0.567217 0.738036 0.365470
vn -0.697384 0.637407 0.327671
vn -0.548866 0.473491 0.688878
vn -0.741273 0.363378 0.564333
vn 0.560585 0.513533 0.649638
vn 0.573470 0.754153 0.319977
vn -0.443817 0.799996 -0.403773
vn -0.567953 0.697023 -0.437708
vn -0.529160 0.848409 -0.013868
vn -0.616576 0.783937 -0.072644
vn 0.558294 0.828983 -0.033075
vn 0.527564 0.751406 -0.396315
vn -0.323843 0.593351 -0.736926
vn -0.175144 0.260022 -0.949586
vn -0.438780 0.537664 -0.719993
vn -0.250410 0.223884 -0.941897
vn 0.474917 0.521281 -0.709028
vn 0.383371 0.209770 -0.899457
vn -0.017721 -0.154235 -0.987875
vn 0.100680 -0.546124 -0.831632
vn -0.213758 -0.167528 -0.962415
vn 0.080152 -0.540304 -0.837644
vn 0.243296 -0.198382 -0.949448
vn 0.147791 -0.854430 -0.498104
vn -0.092711 -0.812816 -0.575095
vn 0.852821 -0.317027 -0.414957
vn 0.060847 -0.612615 -0.788036
vn 0.822232 -0.449011 -0.349749
vn -0.089931 -0.896373 -0.434082
vn 0.957792 -0.109293 0.265877
vn 0.917622 -0.331299 -0.219571
vn 0.970481 0.221306 0.095868
vn 0.925186 0.044479 -0.376900
vn -0.675387 -0.120713 -0.727517
vn -0.654216 -0.452384 -0.606094
vn -0.925186 0.044479 -0.376900
vn -0.917622 -0.331299 -0.219571
vn 0.747287 0.410549 0.522506
vn 0.715663 0.086955 0.693011
vn -0.974133 0.210803 0.081400
vn -0.962491 -0.122038 0.242317
vn 0.646230 -0.453412 -0.613844
vn 0.168035 -0.528106 -0.832387
vn 0.660073 -0.120013 -0.741553
vn 0.204840 -0.187258 -0.960716
vn 0.602925 0.786922 -0.131283
vn 0.838711 0.530309 -0.123840
vn 0.550264 0.686191 -0.475765
vn 0.768730 0.414617 -0.486977
vn -0.857720 0.500098 -0.119238
vn -0.787104 0.390450 -0.477510
vn 0.681491 0.677035 0.277837
vn 0.601694 0.235882 -0.763102
vn 0.415023 0.527136 -0.741541
vn -0.633170 0.219440 -0.742254
vn 0.235232 0.193662 -0.952450
vn 0.564922 -0.747115 -0.350262
vn 0.730730 -0.682633 -0.006820
vn 0.154479 -0.981726 -0.111129
vn 0.527362 -0.836155 0.150778
vn -0.577016 -0.733766 -0.358665
vn -0.745119 -0.666569 -0.021997
vn 0.793443 -0.487535 0.364359
vn 0.367642 -0.700522 0.611643
vn -0.811503 -0.481149 0.331599
vn 0.094202 -0.826054 -0.555662
vn 0.529583 -0.302606 0.792446
vn 0.366943 -0.286225 0.885115
vn 0.191851 -0.657932 0.728229
vn 0.499137 0.137719 0.855509
vn 0.560083 0.486841 0.670293
vn 0.568863 0.749555 0.338472
vn 0.530268 0.846665 -0.044422
vn 0.447833 0.784413 -0.429119
vn 0.332369 0.571576 -0.750221
vn 0.183226 0.235325 -0.954490
vn 0.025362 -0.175506 -0.984152
vn -0.094985 -0.562208 -0.821523
vn -0.144584 -0.864047 -0.482201
vn -0.096207 -0.994835 -0.032366
vn 0.032745 -0.917817 0.395652
vn -0.435730 -0.262748 0.860873
vn -0.261660 -0.657449 0.706608
vn -0.520144 0.160333 0.838894
vn -0.562106 0.510890 0.650406
vn -0.572717 0.752997 0.324023
vn -0.554865 0.831434 -0.029025
vn -0.520464 0.756975 -0.395102
vn -0.463670 0.528772 -0.710922
vn -0.369831 0.214807 -0.903926
vn -0.232727 -0.196957 -0.952390
vn -0.852821 -0.317027 -0.414957
vn -0.057325 -0.611523 -0.789147
vn -0.822232 -0.449011 -0.349749
vn 0.088336 -0.895051 -0.437128
vn -0.798783 -0.579187 -0.162751
vn 0.103006 -0.993956 -0.037971
vn -0.819000 -0.553662 0.150655
vn -0.037530 -0.913284 0.405591
vn -0.278692 -0.959519 -0.040674
vn -0.000001 -1.000000 0.000000
vn -0.297303 -0.954589 -0.019250
vn 0.274264 -0.956906 -0.095448
vn 0.278693 -0.959519 -0.040674
vn 0.000001 -1.000000 0.000000
vn -0.304623 -0.951038 0.052267
vn 0.198480 -0.971581 0.128984
vn 0.304623 -0.951038 0.052267
vn 0.265731 -0.963252 -0.039144
vn 0.284265 -0.957828 0.041942
vn -0.284265 -0.957828 0.041942
vn -0.247327 -0.962288 0.113274
vn 0.237348 -0.962706 -0.129859
vn -0.237348 -0.962706 -0.129860
vn -0.172899 -0.969063 -0.176131
vn -0.014977 -0.969465 -0.244773
vn 0.106891 -0.963210 -0.246580
vn -0.106891 -0.963210 -0.246580
vn -0.185781 -0.955966 -0.227188
vn 0.185781 -0.955966 -0.227188
vn 0.787024 -0.243014 0.567042
vn 0.712280 -0.289072 0.639606
vn 0.647147 -0.121698 0.752589
vn 0.587060 -0.200568 0.784304
vn -0.712279 -0.289072 0.639606
vn -0.587060 -0.200568 0.784304
vn 0.839351 -0.418473 0.346944
vn 0.782170 -0.439186 0.441956
vn -0.782171 -0.439186 0.441956
vn 0.838214 -0.530828 0.124977
vn 0.839725 -0.539637 0.060446
vn -0.838214 -0.530828 0.124977
vn 0.803541 -0.521389 -0.287185
vn 0.778388 -0.547124 -0.307843
vn -0.803541 -0.521389 -0.287185
vn 0.623211 -0.438673 -0.647437
vn 0.610534 -0.453372 -0.649386
vn -0.623211 -0.438673 -0.647437
vn 0.359952 -0.323290 -0.875167
vn 0.369814 -0.330302 -0.868411
vn -0.359952 -0.323290 -0.875167
vn -0.049675 -0.172094 -0.983827
vn -0.050992 -0.197175 -0.979041
vn 0.049675 -0.172094 -0.983827
vn -0.592188 -0.045847 -0.804495
vn -0.618811 -0.104270 -0.778589
vn 0.592188 -0.045847 -0.804495
vn -0.910937 -0.063860 -0.407573
vn -0.933208 -0.110513 -0.341921
vn 0.910937 -0.063860 -0.407573
vn -0.969959 -0.173661 -0.170354
vn -0.978984 -0.162715 -0.122938
vn 0.969959 -0.173661 -0.170354
vn -0.983263 -0.177455 -0.041262
vn -0.971485 -0.234242 -0.036714
vn 0.971485 -0.234242 -0.036714
vn -0.957696 -0.227832 0.175814
vn -0.973674 -0.176543 0.144194
vn 0.957696 -0.227832 0.175814
vn -0.839819 -0.234953 0.489388
vn -0.854829 -0.214228 0.472624
vn 0.839819 -0.234953 0.489388
vn 0.225334 -0.956774 0.183869
vn 0.103127 -0.966511 0.234991
vn -0.225334 -0.956774 0.183869
vn 0.338068 -0.107921 0.934913
vn 0.321303 -0.203650 0.924819
vn -0.321303 -0.203650 0.924819
vn -0.024680 -0.169689 0.985189
vn -0.022659 -0.244497 0.969385
vn 0.022659 -0.244498 0.969385
vn -0.023890 -0.801027 0.598152
vn -0.005860 -0.969484 0.245083
vn 0.151239 -0.966148 0.209007
vn 0.005860 -0.969484 0.245083
vn -0.151239 -0.966148 0.209007
vn -0.198480 -0.971581 0.128984
vn -0.560618 -0.231288 0.795119
vn -0.532222 -0.260996 0.805370
vn 0.287014 -0.813942 0.505096
vn 0.532221 -0.260996 0.805371
vn -0.647147 -0.121698 0.752589
vn -0.787024 -0.243014 0.567043
vn -0.679078 -0.328256 0.656583
vn -0.795623 -0.421966 0.434659
vn -0.338068 -0.107921 0.934913
vn -0.317517 -0.340327 0.885077
vn 0.024681 -0.169688 0.985189
vn 0.033098 -0.409949 0.911508
vn 0.560617 -0.231288 0.795119
vn 0.502101 -0.499710 0.705822
vn 0.747971 -0.470241 0.468416
vn 0.854829 -0.214228 0.472624
vn 0.930385 -0.329678 0.160301
vn 0.973674 -0.176543 0.144194
vn 0.956403 -0.287591 -0.050845
vn 0.983263 -0.177456 -0.041262
vn 0.978984 -0.162715 -0.122938
vn 0.927010 -0.355396 -0.119775
vn 0.864547 -0.393701 -0.312343
vn 0.933208 -0.110513 -0.341921
vn 0.553637 -0.408998 -0.725402
vn 0.618811 -0.104270 -0.778589
vn 0.041141 -0.424908 -0.904301
vn 0.050991 -0.197175 -0.979041
vn -0.354848 -0.497398 -0.791630
vn -0.369814 -0.330302 -0.868411
vn -0.563942 -0.585976 -0.581895
vn -0.610534 -0.453372 -0.649386
vn -0.682979 -0.658355 -0.316400
vn -0.778388 -0.547124 -0.307844
vn -0.766497 -0.640480 -0.047617
vn -0.839725 -0.539637 0.060446
vn -0.820157 -0.537681 0.195557
vn -0.839351 -0.418473 0.346944
vn 0.023890 -0.801027 0.598152
vn -0.287014 -0.813942 0.505095
vn 0.247327 -0.962288 0.113274
vn 0.795623 -0.421966 0.434659
vn 0.225334 -0.956774 0.183869
vn 0.679078 -0.328256 0.656583
vn 0.284265 -0.957828 0.041942
vn 0.820157 -0.537681 0.195557
vn 0.766497 -0.640480 -0.047617
vn 0.682979 -0.658355 -0.316400
vn 0.563942 -0.585976 -0.581895
vn 0.172899 -0.969063 -0.176131
vn 0.354848 -0.497398 -0.791630
vn 0.106891 -0.963210 -0.246580
vn -0.041141 -0.424908 -0.904301
vn -0.014977 -0.969465 -0.244773
vn -0.553636 -0.408998 -0.725402
vn -0.185781 -0.955966 -0.227188
vn -0.864547 -0.393701 -0.312343
vn -0.274263 -0.956906 -0.095448
vn -0.927010 -0.355397 -0.119775
vn -0.278692 -0.959519 -0.040674
vn -0.956403 -0.287591 -0.050844
vn -0.297303 -0.954589 -0.019250
vn -0.930385 -0.329678 0.160301
vn -0.304623 -0.951038 0.052267
vn -0.747971 -0.470241 0.468416
vn -0.198480 -0.971581 0.128984
vn -0.502101 -0.499710 0.705821
vn -0.151239 -0.966148 0.209007
vn -0.005860 -0.969484 0.245083
vn -0.033099 -0.409950 0.911507
vn 0.103127 -0.966511 0.234991
vn 0.317517 -0.340328 0.885076
vn 0.403791 0.473083 0.783036
vn 0.388397 0.446255 0.806228
vn -0.403791 0.473083 0.783036
vn -0.388397 0.446254 0.806229
vn 0.449550 0.464012 0.763281
vn -0.449550 0.464012 0.763281
vn 0.475827 0.463989 0.747197
vn -0.475827 0.463989 0.747197
vn 0.504255 0.499256 0.704607
vn -0.504255 0.499256 0.704607
vn 0.551227 0.540230 0.635846
vn 0.457767 0.151431 0.876081
vn -0.551228 0.540230 0.635845
vn -0.457767 0.151431 0.876081
vn 0.633790 0.535593 0.558078
vn 0.449866 0.227482 0.863639
vn -0.633790 0.535593 0.558078
vn -0.449866 0.227481 0.863639
vn 0.731047 0.441644 0.520116
vn -0.731047 0.441644 0.520116
vn 0.644723 0.004631 0.764403
vn 0.484509 -0.168812 0.858344
vn -0.644723 0.004631 0.764403
vn -0.484508 -0.168812 0.858344
vn 0.743173 0.169372 0.647307
vn -0.743173 0.169372 0.647307
vn 0.772302 0.305142 0.557169
vn -0.772302 0.305142 0.557170
vn 0.407571 -0.216517 0.887134
vn -0.407570 -0.216517 0.887134
vn 0.421715 -0.192148 0.886135
vn 0.283445 0.202861 0.937287
vn -0.421714 -0.192147 0.886136
vn -0.283445 0.202861 0.937287
vn 0.411138 0.309039 0.857590
vn 0.435449 -0.177627 0.882515
vn -0.411138 0.309039 0.857590
vn -0.435449 -0.177627 0.882515
vn 0.488256 -0.119865 0.864430
vn 0.763389 0.310613 0.566353
vn 0.448422 -0.155559 0.880181
vn 0.650718 0.369976 0.663087
vn -0.488255 -0.119865 0.864430
vn -0.448422 -0.155559 0.880181
vn -0.763389 0.310613 0.566353
vn -0.650718 0.369976 0.663087
vn 0.547466 0.356385 0.757146
vn 0.435250 -0.169171 0.884273
vn -0.547466 0.356385 0.757147
vn -0.435250 -0.169171 0.884273
vn 0.547238 -0.091036 0.832011
vn -0.547238 -0.091037 0.832011
vn 0.595159 -0.088539 0.798716
vn -0.595159 -0.088539 0.798716
vn 0.585296 -0.024659 0.810444
vn -0.585296 -0.024659 0.810445
vn 0.521082 0.129370 0.843645
vn -0.521082 0.129370 0.843645
vn 0.437097 0.327316 0.837741
vn -0.437097 0.327316 0.837741
vn -0.225334 -0.956774 0.183869
vn -0.247327 -0.962288 0.113274
vn -0.103127 -0.966511 0.234991
vn 0.005860 -0.969484 0.245083
vn 0.151239 -0.966148 0.209007
vn 0.198480 -0.971581 0.128984
vn 0.304623 -0.951038 0.052267
vn 0.297304 -0.954589 -0.019250
vn 0.278693 -0.959519 -0.040674
vn 0.274264 -0.956906 -0.095448
vn 0.185781 -0.955966 -0.227188
vn 0.014977 -0.969465 -0.244773
vn -0.106891 -0.963210 -0.246580
vn -0.265731 -0.963252 -0.039144
vn -0.284265 -0.957828 0.041942
vn 0.297304 -0.954589 -0.019250
vn 0.014977 -0.969465 -0.244773
vn -0.274263 -0.956906 -0.095448
vn -0.103127 -0.966511 0.234991
vn 0.247327 -0.962288 0.113274
s 1
g SM_Frog:SM_Frog_EyesSM_Frog1
usemtl initialShadingGroup
f 1/1/1 2/2/2 17/4/3
f 17/4/3 2/2/2 18/3/4
f 2/2/2 3/5/5 18/3/4
f 18/3/4 3/5/5 19/6/6
f 3/5/5 4/7/7 19/6/6
f 19/6/6 4/7/7 20/8/8
f 4/7/7 5/9/9 20/8/8
f 20/8/8 5/9/9 21/10/10
f 5/9/9 6/11/11 21/10/10
f 21/10/10 6/11/11 22/12/12
f 6/11/11 7/13/13 22/12/12
f 22/12/12 7/13/13 23/14/14
f 7/13/13 8/15/15 23/14/14
f 23/14/14 8/15/15 24/16/16
f 8/15/15 9/17/17 24/16/16
f 24/16/16 9/17/17 25/18/18
f 9/17/17 10/19/19 25/18/18
f 25/18/18 10/19/19 26/20/20
f 10/19/19 11/21/21 26/20/20
f 26/20/20 11/21/21 27/22/22
f 11/21/21 12/23/23 27/22/22
f 27/22/22 12/23/23 28/24/24
f 12/23/23 13/25/25 28/24/24
f 28/24/24 13/25/25 29/26/26
f 13/25/25 14/27/27 29/26/26
f 29/26/26 14/27/27 30/28/28
f 14/27/27 15/29/29 30/28/28
f 30/28/28 15/29/29 31/30/30
f 15/29/29 16/31/31 31/30/30
f 31/30/30 16/31/31 32/32/32
f 16/31/31 1/1/1 32/32/32
f 32/32/32 1/1/1 17/4/3
f 17/4/3 18/3/4 33/34/33
f 33/34/33 18/3/4 34/33/34
f 18/3/4 19/6/6 34/33/34
f 34/33/34 19/6/6 35/35/35
f 19/6/6 20/8/8 35/35/35
f 35/35/35 20/8/8 36/36/36
f 20/8/8 21/10/10 36/36/36
f 36/36/36 21/10/10 37/37/37
f 21/10/10 22/12/12 37/37/37
f 37/37/37 22/12/12 38/38/38
f 22/12/12 23/14/14 38/38/38
f 38/38/38 23/14/14 39/39/39
f 23/14/14 24/16/16 39/39/39
f 39/39/39 24/16/16 40/40/40
f 24/16/16 25/18/18 40/40/40
f 40/40/40 25/18/18 41/41/41
f 25/18/18 26/20/20 41/41/41
f 41/41/41 26/20/20 42/42/42
f 26/20/20 27/22/22 42/42/42
f 42/42/42 27/22/22 43/43/43
f 27/22/22 28/24/24 43/43/43
f 43/43/43 28/24/24 44/44/44
f 28/24/24 29/26/26 44/44/44
f 44/44/44 29/26/26 45/45/45
f 29/26/26 30/28/28 45/45/45
f 45/45/45 30/28/28 46/46/46
f 30/28/28 31/30/30 46/46/46
f 46/46/46 31/30/30 47/47/47
f 31/30/30 32/32/32 47/47/47
f 47/47/47 32/32/32 48/48/48
f 32/32/32 17/4/3 48/48/48
f 48/48/48 17/4/3 33/34/33
f 33/34/33 34/33/34 49/50/49
f 49/50/49 34/33/34 50/49/50
f 34/33/34 35/35/35 50/49/50
f 50/49/50 35/35/35 51/51/51
f 35/35/35 36/36/36 51/51/51
f 51/51/51 36/36/36 52/52/52
f 36/36/36 37/37/37 52/52/52
f 52/52/52 37/37/37 53/53/53
f 37/37/37 38/38/38 53/53/53
f 53/53/53 38/38/38 54/54/54
f 38/38/38 39/39/39 54/54/54
f 54/54/54 39/39/39 55/55/55
f 39/39/39 40/40/40 55/55/55
f 55/55/55 40/40/40 56/56/56
f 40/40/40 41/41/41 56/56/56
f 56/56/56 41/41/41 57/57/57
f 41/41/41 42/42/42 57/57/57
f 57/57/57 42/42/42 58/58/58
f 42/42/42 43/43/43 58/58/58
f 58/58/58 43/43/43 59/59/59
f 43/43/43 44/44/44 59/59/59
f 59/59/59 44/44/44 60/60/60
f 44/44/44 45/45/45 60/60/60
f 60/60/60 45/45/45 61/61/61
f 45/45/45 46/46/46 61/61/61
f 61/61/61 46/46/46 62/62/62
f 46/46/46 47/47/47 62/62/62
f 62/62/62 47/47/47 63/63/63
f 47/47/47 48/48/48 63/63/63
f 63/63/63 48/48/48 64/64/64
f 48/48/48 33/34/33 64/64/64
f 64/64/64 33/34/33 49/50/49
f 49/50/49 50/49/50 65/66/65
f 65/66/65 50/49/50 66/65/66
f 50/49/50 51/51/51 66/65/66
f 66/65/66 51/51/51 67/67/67
f 51/51/51 52/52/52 67/67/67
f 67/67/67 52/52/52 68/68/68
f 52/52/52 53/53/53 68/68/68
f 68/68/68 53/53/53 69/69/69
f 53/53/53 54/54/54 69/69/69
f 69/69/69 54/54/54 70/70/70
f 54/54/54 55/55/55 70/70/70
f 70/70/70 55/55/55 71/71/71
f 55/55/55 56/56/56 71/71/71
f 71/71/71 56/56/56 72/72/72
f 56/56/56 57/57/57 72/72/72
f 72/72/72 57/57/57 73/73/73
f 57/57/57 58/58/58 73/73/73
f 73/73/73 58/58/58 74/74/74
f 58/58/58 59/59/59 74/74/74
f 74/74/74 59/59/59 75/75/75
f 59/59/59 60/60/60 75/75/75
f 75/75/75 60/60/60 76/76/76
f 60/60/60 61/61/61 76/76/76
f 76/76/76 61/61/61 77/77/77
f 61/61/61 62/62/62 77/77/77
f 77/77/77 62/62/62 78/78/78
f 62/62/62 63/63/63 78/78/78
f 78/78/78 63/63/63 79/79/79
f 63/63/63 64/64/64 79/79/79
f 79/79/79 64/64/64 80/80/80
f 64/64/64 49/50/49 80/80/80
f 80/80/80 49/50/49 65/66/65
f 65/66/65 66/65/66 81/82/81
f 81/82/81 66/65/66 82/81/82
f 66/65/66 67/67/67 82/81/82
f 82/81/82 67/67/67 83/83/83
f 67/67/67 68/68/68 83/83/83
f 83/83/83 68/68/68 84/84/84
f 68/68/68 69/69/69 84/84/84
f 84/84/84 69/69/69 85/85/85
f 69/69/69 70/70/70 85/85/85
f 85/85/85 70/70/70 86/86/86
f 70/70/70 71/71/71 86/86/86
f 86/86/86 71/71/71 87/87/87
f 71/71/71 72/72/72 87/87/87
f 87/87/87 72/72/72 88/88/88
f 72/72/72 73/73/73 88/88/88
f 88/88/88 73/73/73 89/89/89
f 73/73/73 74/74/74 89/89/89
f 89/89/89 74/74/74 90/90/90
f 74/74/74 75/75/75 90/90/90
f 90/90/90 75/75/75 91/91/91
f 75/75/75 76/76/76 91/91/91
f 91/91/91 76/76/76 92/92/92
f 76/76/76 77/77/77 92/92/92
f 92/92/92 77/77/77 93/93/93
f 77/77/77 78/78/78 93/93/93
f 93/93/93 78/78/78 94/94/94
f 78/78/78 79/79/79 94/94/94
f 94/94/94 79/79/79 95/95/95
f 79/79/79 80/80/80 95/95/95
f 95/95/95 80/80/80 96/96/96
f 80/80/80 65/66/65 96/96/96
f 96/96/96 65/66/65 81/82/81
f 81/82/81 82/81/82 97/98/97
f 97/98/97 82/81/82 98/97/98
f 82/81/82 83/83/83 98/97/98
f 98/97/98 83/83/83 99/99/99
f 83/83/83 84/84/84 99/99/99
f 99/99/99 84/84/84 100/100/100
f 84/84/84 85/85/85 100/100/100
f 100/100/100 85/85/85 101/101/101
f 85/85/85 86/86/86 101/101/101
f 101/101/101 86/86/86 102/102/102
f 86/86/86 87/87/87 102/102/102
f 102/102/102 87/87/87 103/103/103
f 87/87/87 88/88/88 103/103/103
f 103/103/103 88/88/88 104/104/104
f 88/88/88 89/89/89 104/104/104
f 104/104/104 89/89/89 105/105/105
f 89/89/89 90/90/90 105/105/105
f 105/105/105 90/90/90 106/106/106
f 90/90/90 91/91/91 106/106/106
f 106/106/106 91/91/91 107/107/107
f 91/91/91 92/92/92 107/107/107
f 107/107/107 92/92/92 108/108/108
f 92/92/92 93/93/93 108/108/108
f 108/108/108 93/93/93 109/109/109
f 93/93/93 94/94/94 109/109/109
f 109/109/109 94/94/94 110/110/110
f 94/94/94 95/95/95 110/110/110
f 110/110/110 95/95/95 111/111/111
f 95/95/95 96/96/96 111/111/111
f 111/111/111 96/96/96 112/112/112
f 96/96/96 81/82/81 112/112/112
f 112/112/112 81/82/81 97/98/97
f 97/98/97 98/97/98 113/114/113
f 113/114/113 98/97/98 114/113/114
f 98/97/98 99/99/99 114/113/114
f 114/113/114 99/99/99 115/115/115
f 99/99/99 100/100/100 115/115/115
f 115/115/115 100/100/100 116/116/116
f 100/100/100 101/101/101 116/116/116
f 116/116/116 101/101/101 117/117/117
f 101/101/101 102/102/102 117/117/117
f 117/117/117 102/102/102 118/118/118
f 102/102/102 103/103/103 118/118/118
f 118/118/118 103/103/103 119/119/119
f 103/103/103 104/104/104 119/119/119
f 119/119/119 104/104/104 120/120/120
f 104/104/104 105/105/105 120/120/120
f 120/120/120 105/105/105 121/121/121
f 105/105/105 106/106/106 121/121/121
f 121/121/121 106/106/106 122/122/122
f 106/106/106 107/107/107 122/122/122
f 122/122/122 107/107/107 123/123/123
f 107/107/107 108/108/108 123/123/123
f 123/123/123 108/108/108 124/124/124
f 108/108/108 109/109/109 124/124/124
f 124/124/124 109/109/109 125/125/125
f 109/109/109 110/110/110 125/125/125
f 125/125/125 110/110/110 126/126/126
f 110/110/110 111/111/111 126/126/126
f 126/126/126 111/111/111 127/127/127
f 111/111/111 112/112/112 127/127/127
f 127/127/127 112/112/112 128/128/128
f 112/112/112 97/98/97 128/128/128
f 128/128/128 97/98/97 113/114/113
f 113/129/113 114/130/114 129/132/129
f 129/132/129 114/130/114 130/131/130
f 114/130/114 115/133/115 130/131/130
f 130/131/130 115/133/115 131/134/131
f 115/133/115 116/135/116 131/134/131
f 131/134/131 116/135/116 132/136/132
f 116/135/116 117/137/117 132/136/132
f 132/136/132 117/137/117 133/138/133
f 117/137/117 118/139/118 133/138/133
f 133/138/133 118/139/118 134/140/134
f 118/139/118 119/141/119 134/140/134
f 134/140/134 119/141/119 135/142/135
f 119/141/119 120/143/120 135/142/135
f 135/142/135 120/143/120 136/144/136
f 120/143/120 121/145/121 136/144/136
f 136/144/136 121/145/121 137/146/137
f 121/145/121 122/147/122 137/146/137
f 137/146/137 122/147/122 138/148/138
f 122/147/122 123/149/123 138/148/138
f 138/148/138 123/149/123 139/150/139
f 123/149/123 124/151/124 139/150/139
f 139/150/139 124/151/124 140/152/140
f 124/151/124 125/153/125 140/152/140
f 140/152/140 125/153/125 141/154/141
f 125/153/125 126/155/126 141/154/141
f 141/154/141 126/155/126 142/156/142
f 126/155/126 127/157/127 142/156/142
f 142/156/142 127/157/127 143/158/143
f 127/157/127 128/159/128 143/158/143
f 143/158/143 128/159/128 144/160/144
f 128/159/128 113/129/113 144/160/144
f 144/160/144 113/129/113 129/132/129
f 129/132/129 130/131/130 145/162/145
f 145/162/145 130/131/130 146/161/146
f 130/131/130 131/134/131 146/161/146
f 146/161/146 131/134/131 147/163/147
f 131/134/131 132/136/132 147/163/147
f 147/163/147 132/136/132 148/164/148
f 132/136/132 133/138/133 148/164/148
f 148/164/148 133/138/133 149/165/149
f 133/138/133 134/140/134 149/165/149
f 149/165/149 134/140/134 150/166/150
f 134/140/134 135/142/135 150/166/150
f 150/166/150 135/142/135 151/167/151
f 135/142/135 136/144/136 151/167/151
f 151/167/151 136/144/136 152/168/152
f 136/144/136 137/146/137 152/168/152
f 152/168/152 137/146/137 153/169/153
f 137/146/137 138/148/138 153/169/153
f 153/169/153 138/148/138 154/170/154
f 138/148/138 139/150/139 154/170/154
f 154/170/154 139/150/139 155/171/155
f 139/150/139 140/152/140 155/171/155
f 155/171/155 140/152/140 156/172/156
f 140/152/140 141/154/141 156/172/156
f 156/172/156 141/154/141 157/173/157
f 141/154/141 142/156/142 157/173/157
f 157/173/157 142/156/142 158/174/158
f 142/156/142 143/158/143 158/174/158
f 158/174/158 143/158/143 159/175/159
f 143/158/143 144/160/144 159/175/159
f 159/175/159 144/160/144 160/176/160
f 144/160/144 129/132/129 160/176/160
f 160/176/160 129/132/129 145/162/145
f 145/162/145 146/161/146 161/178/161
f 161/178/161 146/161/146 162/177/162
f 146/161/146 147/163/147 162/177/162
f 162/177/162 147/163/147 163/179/163
f 147/163/147 148/164/148 163/179/163
f 163/179/163 148/164/148 164/180/164
f 148/164/148 149/165/149 164/180/164
f 164/180/164 149/165/149 165/181/165
f 149/165/149 150/166/150 165/181/165
f 165/181/165 150/166/150 166/182/166
f 150/166/150 151/167/151 166/182/166
f 166/182/166 151/167/151 167/183/167
f 151/167/151 152/168/152 167/183/167
f 167/183/167 152/168/152 168/184/168
f 152/168/152 153/169/153 168/184/168
f 168/184/168 153/169/153 169/185/169
f 153/169/153 154/170/154 169/185/169
f 169/185/169 154/170/154 170/186/170
f 154/170/154 155/171/155 170/186/170
f 170/186/170 155/171/155 171/187/171
f 155/171/155 156/172/156 171/187/171
f 171/187/171 156/172/156 172/188/172
f 156/172/156 157/173/157 172/188/172
f 172/188/172 157/173/157 173/189/173
f 157/173/157 158/174/158 173/189/173
f 173/189/173 158/174/158 174/190/174
f 158/174/158 159/175/159 174/190/174
f 174/190/174 159/175/159 175/191/175
f 159/175/159 160/176/160 175/191/175
f 175/191/175 160/176/160 176/192/176
f 160/176/160 145/162/145 176/192/176
f 176/192/176 145/162/145 161/178/161
f 161/178/161 162/177/162 177/194/177
f 177/194/177 162/177/162 178/193/178
f 162/177/162 163/179/163 178/193/178
f 178/193/178 163/179/163 179/195/179
f 163/179/163 164/180/164 179/195/179
f 179/195/179 164/180/164 180/196/180
f 164/180/164 165/181/165 180/196/180
f 180/196/180 165/181/165 181/197/181
f 165/181/165 166/182/166 181/197/181
f 181/197/181 166/182/166 182/198/182
f 166/182/166 167/183/167 182/198/182
f 182/198/182 167/183/167 183/199/183
f 167/183/167 168/184/168 183/199/183
f 183/199/183 168/184/168 184/200/184
f 168/184/168 169/185/169 184/200/184
f 184/200/184 169/185/169 185/201/185
f 169/185/169 170/186/170 185/201/185
f 185/201/185 170/186/170 186/202/186
f 170/186/170 171/187/171 186/202/186
f 186/202/186 171/187/171 187/203/187
f 171/187/171 172/188/172 187/203/187
f 187/203/187 172/188/172 188/204/188
f 172/188/172 173/189/173 188/204/188
f 188/204/188 173/189/173 189/205/189
f 173/189/173 174/190/174 189/205/189
f 189/205/189 174/190/174 190/206/190
f 174/190/174 175/191/175 190/206/190
f 190/206/190 175/191/175 191/207/191
f 175/191/175 176/192/176 191/207/191
f 191/207/191 176/192/176 192/208/192
f 176/192/176 161/178/161 192/208/192
f 192/208/192 161/178/161 177/194/177
f 177/194/177 178/193/178 193/210/193
f 193/210/193 178/193/178 194/209/194
f 178/193/178 179/195/179 194/209/194
f 194/209/194 179/195/179 195/211/195
f 179/195/179 180/196/180 195/211/195
f 195/211/195 180/196/180 196/212/196
f 180/196/180 181/197/181 196/212/196
f 196/212/196 181/197/181 197/213/197
f 181/197/181 182/198/182 197/213/197
f 197/213/197 182/198/182 198/214/198
f 182/198/182 183/199/183 198/214/198
f 198/214/198 183/199/183 199/215/199
f 183/199/183 184/200/184 199/215/199
f 199/215/199 184/200/184 200/216/200
f 184/200/184 185/201/185 200/216/200
f 200/216/200 185/201/185 201/217/201
f 185/201/185 186/202/186 201/217/201
f 201/217/201 186/202/186 202/218/202
f 186/202/186 187/203/187 202/218/202
f 202/218/202 187/203/187 203/219/203
f 187/203/187 188/204/188 203/219/203
f 203/219/203 188/204/188 204/220/204
f 188/204/188 189/205/189 204/220/204
f 204/220/204 189/205/189 205/221/205
f 189/205/189 190/206/190 205/221/205
f 205/221/205 190/206/190 206/222/206
f 190/206/190 191/207/191 206/222/206
f 206/222/206 191/207/191 207/223/207
f 191/207/191 192/208/192 207/223/207
f 207/223/207 192/208/192 208/224/208
f 192/208/192 177/194/177 208/224/208
f 208/224/208 177/194/177 193/210/193
f 193/210/193 194/209/194 209/226/209
f 209/226/209 194/209/194 210/225/210
f 194/209/194 195/211/195 210/225/210
f 210/225/210 195/211/195 211/227/211
f 195/211/195 196/212/196 211/227/211
f 211/227/211 196/212/196 212/228/212
f 196/212/196 197/213/197 212/228/212
f 212/228/212 197/213/197 213/229/213
f 197/213/197 198/214/198 213/229/213
f 213/229/213 198/214/198 214/230/214
f 198/214/198 199/215/199 214/230/214
f 214/230/214 199/215/199 215/231/215
f 199/215/199 200/216/200 215/231/215
f 215/231/215 200/216/200 216/232/216
f 200/216/200 201/217/201 216/232/216
f 216/232/216 201/217/201 217/233/217
f 201/217/201 202/218/202 217/233/217
f 217/233/217 202/218/202 218/234/218
f 202/218/202 203/219/203 218/234/218
f 218/234/218 203/219/203 219/235/219
f 203/219/203 204/220/204 219/235/219
f 219/235/219 204/220/204 220/236/220
f 204/220/204 205/221/205 220/236/220
f 220/236/220 205/221/205 221/237/221
f 205/221/205 206/222/206 221/237/221
f 221/237/221 206/222/206 222/238/222
f 206/222/206 207/223/207 222/238/222
f 222/238/222 207/223/207 223/239/223
f 207/223/207 208/224/208 223/239/223
f 223/239/223 208/224/208 224/240/224
f 208/224/208 193/210/193 224/240/224
f 224/240/224 193/210/193 209/226/209
f 209/226/209 210/225/210 225/242/225
f 225/242/225 210/225/210 226/241/226
f 210/225/210 211/227/211 226/241/226
f 226/241/226 211/227/211 227/243/227
f 211/227/211 212/228/212 227/243/227
f 227/243/227 212/228/212 228/244/228
f 212/228/212 213/229/213 228/244/228
f 228/244/228 213/229/213 229/245/229
f 213/229/213 214/230/214 229/245/229
f 229/245/229 214/230/214 230/246/230
f 214/230/214 215/231/215 230/246/230
f 230/246/230 215/231/215 231/247/231
f 215/231/215 216/232/216 231/247/231
f 231/247/231 216/232/216 232/248/232
f 216/232/216 217/233/217 232/248/232
f 232/248/232 217/233/217 233/249/233
f 217/233/217 218/234/218 233/249/233
f 233/249/233 218/234/218 234/250/234
f 218/234/218 219/235/219 234/250/234
f 234/250/234 219/235/219 235/251/235
f 219/235/219 220/236/220 235/251/235
f 235/251/235 220/236/220 236/252/236
f 220/236/220 221/237/221 236/252/236
f 236/252/236 221/237/221 237/253/237
f 221/237/221 222/238/222 237/253/237
f 237/253/237 222/238/222 238/254/238
f 222/238/222 223/239/223 238/254/238
f 238/254/238 223/239/223 239/255/239
f 223/239/223 224/240/224 239/255/239
f 239/255/239 224/240/224 240/256/240
f 224/240/224 209/226/209 240/256/240
f 240/256/240 209/226/209 225/242/225
f 2/2/2 1/1/1 241/257/241
f 3/5/5 2/2/2 241/257/241
f 4/7/7 3/5/5 241/257/241
f 5/9/9 4/7/7 241/257/241
f 6/11/11 5/9/9 241/257/241
f 7/13/13 6/11/11 241/257/241
f 8/15/15 7/13/13 241/257/241
f 9/17/17 8/15/15 241/257/241
f 10/19/19 9/17/17 241/257/241
f 11/21/21 10/19/19 241/257/241
f 12/23/23 11/21/21 241/257/241
f 13/25/25 12/23/23 241/257/241
f 14/27/27 13/25/25 241/257/241
f 15/29/29 14/27/27 241/257/241
f 16/31/31 15/29/29 241/257/241
f 1/1/1 16/31/31 241/257/241
f 225/242/225 226/241/226 242/258/242
f 226/241/226 227/243/227 242/258/242
f 227/243/227 228/244/228 242/258/242
f 228/244/228 229/245/229 242/258/242
f 229/245/229 230/246/230 242/258/242
f 230/246/230 231/247/231 242/258/242
f 231/247/231 232/248/232 242/258/242
f 232/248/232 233/249/233 242/258/242
f 233/249/233 234/250/234 242/258/242
f 234/250/234 235/251/235 242/258/242
f 235/251/235 236/252/236 242/258/242
f 236/252/236 237/253/237 242/258/242
f 237/253/237 238/254/238 242/258/242
f 238/254/238 239/255/239 242/258/242
f 239/255/239 240/256/240 242/258/242
f 240/256/240 225/242/225 242/258/242
s 2
f 243/259/243 259/260/244 244/262/245
f 244/262/245 259/260/244 260/261/246
f 244/262/245 260/261/246 245/264/247
f 245/264/247 260/261/246 261/263/248
f 245/264/247 261/263/248 246/266/249
f 246/266/249 261/263/248 262/265/250
f 246/266/249 262/265/250 247/268/251
f 247/268/251 262/265/250 263/267/252
f 247/268/251 263/267/252 248/270/253
f 248/270/253 263/267/252 264/269/254
f 248/270/253 264/269/254 249/272/255
f 249/272/255 264/269/254 265/271/256
f 249/272/255 265/271/256 250/274/257
f 250/274/257 265/271/256 266/273/258
f 250/274/257 266/273/258 251/276/259
f 251/276/259 266/273/258 267/275/260
f 251/276/259 267/275/260 252/278/261
f 252/278/261 267/275/260 268/277/262
f 252/278/261 268/277/262 253/280/263
f 253/280/263 268/277/262 269/279/264
f 253/280/263 269/279/264 254/282/265
f 254/282/265 269/279/264 270/281/266
f 254/282/265 270/281/266 255/284/267
f 255/284/267 270/281/266 271/283/268
f 255/284/267 271/283/268 256/286/269
f 256/286/269 271/283/268 272/285/270
f 256/286/269 272/285/270 257/288/271
f 257/288/271 272/285/270 273/287/272
f 257/288/271 273/287/272 258/290/273
f 258/290/273 273/287/272 274/289/274
f 258/290/273 274/289/274 243/259/243
f 243/259/243 274/289/274 259/260/244
f 259/260/244 275/291/275 260/261/246
f 260/261/246 275/291/275 276/292/276
f 260/261/246 276/292/276 261/263/248
f 261/263/248 276/292/276 277/293/277
f 261/263/248 277/293/277 262/265/250
f 262/265/250 277/293/277 278/294/278
f 262/265/250 278/294/278 263/267/252
f 263/267/252 278/294/278 279/295/279
f 263/267/252 279/295/279 264/269/254
f 264/269/254 279/295/279 280/296/280
f 264/269/254 280/296/280 265/271/256
f 265/271/256 280/296/280 281/297/281
f 265/271/256 281/297/281 266/273/258
f 266/273/258 281/297/281 282/298/282
f 266/273/258 282/298/282 267/275/260
f 267/275/260 282/298/282 283/299/283
f 267/275/260 283/299/283 268/277/262
f 268/277/262 283/299/283 284/300/284
f 268/277/262 284/300/284 269/279/264
f 269/279/264 284/300/284 285/301/285
f 269/279/264 285/301/285 270/281/266
f 270/281/266 285/301/285 286/302/286
f 270/281/266 286/302/286 271/283/268
f 271/283/268 286/302/286 287/303/287
f 271/283/268 287/303/287 272/285/270
f 272/285/270 287/303/287 288/304/288
f 272/285/270 288/304/288 273/287/272
f 273/287/272 288/304/288 289/305/289
f 273/287/272 289/305/289 274/289/274
f 274/289/274 289/305/289 290/306/290
f 274/289/274 290/306/290 259/260/244
f 259/260/244 290/306/290 275/291/275
f 275/291/275 291/307/291 276/292/276
f 276/292/276 291/307/291 292/308/292
f 276/292/276 292/308/292 277/293/277
f 277/293/277 292/308/292 293/309/293
f 277/293/277 293/309/293 278/294/278
f 278/294/278 293/309/293 294/310/294
f 278/294/278 294/310/294 279/295/279
f 279/295/279 294/310/294 295/311/295
f 279/295/279 295/311/295 280/296/280
f 280/296/280 295/311/295 296/312/296
f 280/296/280 296/312/296 281/297/281
f 281/297/281 296/312/296 297/313/297
f 281/297/281 297/313/297 282/298/282
f 282/298/282 297/313/297 298/314/298
f 282/298/282 298/314/298 283/299/283
f 283/299/283 298/314/298 299/315/299
f 283/299/283 299/315/299 284/300/284
f 284/300/284 299/315/299 300/316/300
f 284/300/284 300/316/300 285/301/285
f 285/301/285 300/316/300 301/317/301
f 285/301/285 301/317/301 286/302/286
f 286/302/286 301/317/301 302/318/302
f 286/302/286 302/318/302 287/303/287
f 287/303/287 302/318/302 303/319/303
f 287/303/287 303/319/303 288/304/288
f 288/304/288 303/319/303 304/320/304
f 288/304/288 304/320/304 289/305/289
f 289/305/289 304/320/304 305/321/305
f 289/305/289 305/321/305 290/306/290
f 290/306/290 305/321/305 306/322/306
f 290/306/290 306/322/306 275/291/275
f 275/291/275 306/322/306 291/307/291
f 291/307/291 307/323/307 292/308/292
f 292/308/292 307/323/307 308/324/308
f 292/308/292 308/324/308 293/309/293
f 293/309/293 308/324/308 309/325/309
f 293/309/293 309/325/309 294/310/294
f 294/310/294 309/325/309 310/326/310
f 294/310/294 310/326/310 295/311/295
f 295/311/295 310/326/310 311/327/311
f 295/311/295 311/327/311 296/312/296
f 296/312/296 311/327/311 312/328/312
f 296/312/296 312/328/312 297/313/297
f 297/313/297 312/328/312 313/329/313
f 297/313/297 313/329/313 298/314/298
f 298/314/298 313/329/313 314/330/314
f 298/314/298 314/330/314 299/315/299
f 299/315/299 314/330/314 315/331/315
f 299/315/299 315/331/315 300/316/300
f 300/316/300 315/331/315 316/332/316
f 300/316/300 316/332/316 301/317/301
f 301/317/301 316/332/316 317/333/317
f 301/317/301 317/333/317 302/318/302
f 302/318/302 317/333/317 318/334/318
f 302/318/302 318/334/318 303/319/303
f 303/319/303 318/334/318 319/335/319
f 303/319/303 319/335/319 304/320/304
f 304/320/304 319/335/319 320/336/320
f 304/320/304 320/336/320 305/321/305
f 305/321/305 320/336/320 321/337/321
f 305/321/305 321/337/321 306/322/306
f 306/322/306 321/337/321 322/338/322
f 306/322/306 322/338/322 291/307/291
f 291/307/291 322/338/322 307/323/307
f 307/323/307 323/339/323 308/324/308
f 308/324/308 323/339/323 324/340/324
f 308/324/308 324/340/324 309/325/309
f 309/325/309 324/340/324 325/341/325
f 309/325/309 325/341/325 310/326/310
f 310/326/310 325/341/325 326/342/326
f 310/326/310 326/342/326 311/327/311
f 311/327/311 326/342/326 327/343/327
f 311/327/311 327/343/327 312/328/312
f 312/328/312 327/343/327 328/344/328
f 312/328/312 328/344/328 313/329/313
f 313/329/313 328/344/328 329/345/329
f 313/329/313 329/345/329 314/330/314
f 314/330/314 329/345/329 330/346/330
f 314/330/314 330/346/330 315/331/315
f 315/331/315 330/346/330 331/347/331
f 315/331/315 331/347/331 316/332/316
f 316/332/316 331/347/331 332/348/332
f 316/332/316 332/348/332 317/333/317
f 317/333/317 332/348/332 333/349/333
f 317/333/317 333/349/333 318/334/318
f 318/334/318 333/349/333 334/350/334
f 318/334/318 334/350/334 319/335/319
f 319/335/319 334/350/334 335/351/335
f 319/335/319 335/351/335 320/336/320
f 320/336/320 335/351/335 336/352/336
f 320/336/320 336/352/336 321/337/321
f 321/337/321 336/352/336 337/353/337
f 321/337/321 337/353/337 322/338/322
f 322/338/322 337/353/337 338/354/338
f 322/338/322 338/354/338 307/323/307
f 307/323/307 338/354/338 323/339/323
f 323/339/323 339/355/339 324/340/324
f 324/340/324 339/355/339 340/356/340
f 324/340/324 340/356/340 325/341/325
f 325/341/325 340/356/340 341/357/341
f 325/341/325 341/357/341 326/342/326
f 326/342/326 341/357/341 342/358/342
f 326/342/326 342/358/342 327/343/327
f 327/343/327 342/358/342 343/359/343
f 327/343/327 343/359/343 328/344/328
f 328/344/328 343/359/343 344/360/344
f 328/344/328 344/360/344 329/345/329
f 329/345/329 344/360/344 345/361/345
f 329/345/329 345/361/345 330/346/330
f 330/346/330 345/361/345 346/362/346
f 330/346/330 346/362/346 331/347/331
f 331/347/331 346/362/346 347/363/347
f 331/347/331 347/363/347 332/348/332
f 332/348/332 347/363/347 348/364/348
f 332/348/332 348/364/348 333/349/333
f 333/349/333 348/364/348 349/365/349
f 333/349/333 349/365/349 334/350/334
f 334/350/334 349/365/349 350/366/350
f 334/350/334 350/366/350 335/351/335
f 335/351/335 350/366/350 351/367/351
f 335/351/335 351/367/351 336/352/336
f 336/352/336 351/367/351 352/368/352
f 336/352/336 352/368/352 337/353/337
f 337/353/337 352/368/352 353/369/353
f 337/353/337 353/369/353 338/354/338
f 338/354/338 353/369/353 354/370/354
f 338/354/338 354/370/354 323/339/323
f 323/339/323 354/370/354 339/355/339
f 339/355/339 355/371/355 340/356/340
f 340/356/340 355/371/355 356/372/356
f 340/356/340 356/372/356 341/357/341
f 341/357/341 356/372/356 357/373/357
f 341/357/341 357/373/357 342/358/342
f 342/358/342 357/373/357 358/374/358
f 342/358/342 358/374/358 343/359/343
f 343/359/343 358/374/358 359/375/359
f 343/359/343 359/375/359 344/360/344
f 344/360/344 359/375/359 360/376/360
f 344/360/344 360/376/360 345/361/345
f 345/361/345 360/376/360 361/377/361
f 345/361/345 361/377/361 346/362/346
f 346/362/346 361/377/361 362/378/362
f 346/362/346 362/378/362 347/363/347
f 347/363/347 362/378/362 363/379/363
f 347/363/347 363/379/363 348/364/348
f 348/364/348 363/379/363 364/380/364
f 348/364/348 364/380/364 349/365/349
f 349/365/349 364/380/364 365/381/365
f 349/365/349 365/381/365 350/366/350
f 350/366/350 365/381/365 366/382/366
f 350/366/350 366/382/366 351/367/351
f 351/367/351 366/382/366 367/383/367
f 351/367/351 367/383/367 352/368/352
f 352/368/352 367/383/367 368/384/368
f 352/368/352 368/384/368 353/369/353
f 353/369/353 368/384/368 369/385/369
f 353/369/353 369/385/369 354/370/354
f 354/370/354 369/385/369 370/386/370
f 354/370/354 370/386/370 339/355/339
f 339/355/339 370/386/370 355/371/355
f 355/387/355 371/388/371 356/390/356
f 356/390/356 371/388/371 372/389/372
f 356/390/356 372/389/372 357/392/357
f 357/392/357 372/389/372 373/391/373
f 357/392/357 373/391/373 358/394/358
f 358/394/358 373/391/373 374/393/374
f 358/394/358 374/393/374 359/396/359
f 359/396/359 374/393/374 375/395/375
f 359/396/359 375/395/375 360/398/360
f 360/398/360 375/395/375 376/397/376
f 360/398/360 376/397/376 361/400/361
f 361/400/361 376/397/376 377/399/377
f 361/400/361 377/399/377 362/402/362
f 362/402/362 377/399/377 378/401/378
f 362/402/362 378/401/378 363/404/363
f 363/404/363 378/401/378 379/403/379
f 363/404/363 379/403/379 364/406/364
f 364/406/364 379/403/379 380/405/380
f 364/406/364 380/405/380 365/408/365
f 365/408/365 380/405/380 381/407/381
f 365/408/365 381/407/381 366/410/366
f 366/410/366 381/407/381 382/409/382
f 366/410/366 382/409/382 367/412/367
f 367/412/367 382/409/382 383/411/383
f 367/412/367 383/411/383 368/414/368
f 368/414/368 383/411/383 384/413/384
f 368/414/368 384/413/384 369/416/369
f 369/416/369 384/413/384 385/415/385
f 369/416/369 385/415/385 370/418/370
f 370/418/370 385/415/385 386/417/386
f 370/418/370 386/417/386 355/387/355
f 355/387/355 386/417/386 371/388/371
f 371/388/371 387/419/387 372/389/372
f 372/389/372 387/419/387 388/420/388
f 372/389/372 388/420/388 373/391/373
f 373/391/373 388/420/388 389/421/389
f 373/391/373 389/421/389 374/393/374
f 374/393/374 389/421/389 390/422/390
f 374/393/374 390/422/390 375/395/375
f 375/395/375 390/422/390 391/423/391
f 375/395/375 391/423/391 376/397/376
f 376/397/376 391/423/391 392/424/392
f 376/397/376 392/424/392 377/399/377
f 377/399/377 392/424/392 393/425/393
f 377/399/377 393/425/393 378/401/378
f 378/401/378 393/425/393 394/426/394
f 378/401/378 394/426/394 379/403/379
f 379/403/379 394/426/394 395/427/395
f 379/403/379 395/427/395 380/405/380
f 380/405/380 395/427/395 396/428/396
f 380/405/380 396/428/396 381/407/381
f 381/407/381 396/428/396 397/429/397
f 381/407/381 397/429/397 382/409/382
f 382/409/382 397/429/397 398/430/398
f 382/409/382 398/430/398 383/411/383
f 383/411/383 398/430/398 399/431/399
f 383/411/383 399/431/399 384/413/384
f 384/413/384 399/431/399 400/432/400
f 384/413/384 400/432/400 385/415/385
f 385/415/385 400/432/400 401/433/401
f 385/415/385 401/433/401 386/417/386
f 386/417/386 401/433/401 402/434/402
f 386/417/386 402/434/402 371/388/371
f 371/388/371 402/434/402 387/419/387
f 387/419/387 403/435/403 388/420/388
f 388/420/388 403/435/403 404/436/404
f 388/420/388 404/436/404 389/421/389
f 389/421/389 404/436/404 405/437/405
f 389/421/389 405/437/405 390/422/390
f 390/422/390 405/437/405 406/438/406
f 390/422/390 406/438/406 391/423/391
f 391/423/391 406/438/406 407/439/407
f 391/423/391 407/439/407 392/424/392
f 392/424/392 407/439/407 408/440/408
f 392/424/392 408/440/408 393/425/393
f 393/425/393 408/440/408 409/441/409
f 393/425/393 409/441/409 394/426/394
f 394/426/394 409/441/409 410/442/410
f 394/426/394 410/442/410 395/427/395
f 395/427/395 410/442/410 411/443/411
f 395/427/395 411/443/411 396/428/396
f 396/428/396 411/443/411 412/444/412
f 396/428/396 412/444/412 397/429/397
f 397/429/397 412/444/412 413/445/413
f 397/429/397 413/445/413 398/430/398
f 398/430/398 413/445/413 414/446/414
f 398/430/398 414/446/414 399/431/399
f 399/431/399 414/446/414 415/447/415
f 399/431/399 415/447/415 400/432/400
f 400/432/400 415/447/415 416/448/416
f 400/432/400 416/448/416 401/433/401
f 401/433/401 416/448/416 417/449/417
f 401/433/401 417/449/417 402/434/402
f 402/434/402 417/449/417 418/450/418
f 402/434/402 418/450/418 387/419/387
f 387/419/387 418/450/418 403/435/403
f 403/435/403 419/451/419 404/436/404
f 404/436/404 419/451/419 420/452/420
f 404/436/404 420/452/420 405/437/405
f 405/437/405 420/452/420 421/453/421
f 405/437/405 421/453/421 406/438/406
f 406/438/406 421/453/421 422/454/422
f 406/438/406 422/454/422 407/439/407
f 407/439/407 422/454/422 423/455/423
f 407/439/407 423/455/423 408/440/408
f 408/440/408 423/455/423 424/456/424
f 408/440/408 424/456/424 409/441/409
f 409/441/409 424/456/424 425/457/425
f 409/441/409 425/457/425 410/442/410
f 410/442/410 425/457/425 426/458/426
f 410/442/410 426/458/426 411/443/411
f 411/443/411 426/458/426 427/459/427
f 411/443/411 427/459/427 412/444/412
f 412/444/412 427/459/427 428/460/428
f 412/444/412 428/460/428 413/445/413
f 413/445/413 428/460/428 429/461/429
f 413/445/413 429/461/429 414/446/414
f 414/446/414 429/461/429 430/462/430
f 414/446/414 430/462/430 415/447/415
f 415/447/415 430/462/430 431/463/431
f 415/447/415 431/463/431 416/448/416
f 416/448/416 431/463/431 432/464/432
f 416/448/416 432/464/432 417/449/417
f 417/449/417 432/464/432 433/465/433
f 417/449/417 433/465/433 418/450/418
f 418/450/418 433/465/433 434/466/434
f 418/450/418 434/466/434 403/435/403
f 403/435/403 434/466/434 419/451/419
f 419/451/419 435/467/435 420/452/420
f 420/452/420 435/467/435 436/468/436
f 420/452/420 436/468/436 421/453/421
f 421/453/421 436/468/436 437/469/437
f 421/453/421 437/469/437 422/454/422
f 422/454/422 437/469/437 438/470/438
f 422/454/422 438/470/438 423/455/423
f 423/455/423 438/470/438 439/471/439
f 423/455/423 439/471/439 424/456/424
f 424/456/424 439/471/439 440/472/440
f 424/456/424 440/472/440 425/457/425
f 425/457/425 440/472/440 441/473/441
f 425/457/425 441/473/441 426/458/426
f 426/458/426 441/473/441 442/474/442
f 426/458/426 442/474/442 427/459/427
f 427/459/427 442/474/442 443/475/443
f 427/459/427 443/475/443 428/460/428
f 428/460/428 443/475/443 444/476/444
f 428/460/428 444/476/444 429/461/429
f 429/461/429 444/476/444 445/477/445
f 429/461/429 445/477/445 430/462/430
f 430/462/430 445/477/445 446/478/446
f 430/462/430 446/478/446 431/463/431
f 431/463/431 446/478/446 447/479/447
f 431/463/431 447/479/447 432/464/432
f 432/464/432 447/479/447 448/480/448
f 432/464/432 448/480/448 433/465/433
f 433/465/433 448/480/448 449/481/449
f 433/465/433 449/481/449 434/466/434
f 434/466/434 449/481/449 450/482/450
f 434/466/434 450/482/450 419/451/419
f 419/451/419 450/482/450 435/467/435
f 435/467/435 451/483/451 436/468/436
f 436/468/436 451/483/451 452/484/452
f 436/468/436 452/484/452 437/469/437
f 437/469/437 452/484/452 453/485/453
f 437/469/437 453/485/453 438/470/438
f 438/470/438 453/485/453 454/486/454
f 438/470/438 454/486/454 439/471/439
f 439/471/439 454/486/454 455/487/455
f 439/471/439 455/487/455 440/472/440
f 440/472/440 455/487/455 456/488/456
f 440/472/440 456/488/456 441/473/441
f 441/473/441 456/488/456 457/489/457
f 441/473/441 457/489/457 442/474/442
f 442/474/442 457/489/457 458/490/458
f 442/474/442 458/490/458 443/475/443
f 443/475/443 458/490/458 459/491/459
f 443/475/443 459/491/459 444/476/444
f 444/476/444 459/491/459 460/492/460
f 444/476/444 460/492/460 445/477/445
f 445/477/445 460/492/460 461/493/461
f 445/477/445 461/493/461 446/478/446
f 446/478/446 461/493/461 462/494/462
f 446/478/446 462/494/462 447/479/447
f 447/479/447 462/494/462 463/495/463
f 447/479/447 463/495/463 448/480/448
f 448/480/448 463/495/463 464/496/464
f 448/480/448 464/496/464 449/481/449
f 449/481/449 464/496/464 465/497/465
f 449/481/449 465/497/465 450/482/450
f 450/482/450 465/497/465 466/498/466
f 450/482/450 466/498/466 435/467/435
f 435/467/435 466/498/466 451/483/451
f 451/483/451 467/499/467 452/484/452
f 452/484/452 467/499/467 468/500/468
f 452/484/452 468/500/468 453/485/453
f 453/485/453 468/500/468 469/501/469
f 453/485/453 469/501/469 454/486/454
f 454/486/454 469/501/469 470/502/470
f 454/486/454 470/502/470 455/487/455
f 455/487/455 470/502/470 471/503/471
f 455/487/455 471/503/471 456/488/456
f 456/488/456 471/503/471 472/504/472
f 456/488/456 472/504/472 457/489/457
f 457/489/457 472/504/472 473/505/473
f 457/489/457 473/505/473 458/490/458
f 458/490/458 473/505/473 474/506/474
f 458/490/458 474/506/474 459/491/459
f 459/491/459 474/506/474 475/507/475
f 459/491/459 475/507/475 460/492/460
f 460/492/460 475/507/475 476/508/476
f 460/492/460 476/508/476 461/493/461
f 461/493/461 476/508/476 477/509/477
f 461/493/461 477/509/477 462/494/462
f 462/494/462 477/509/477 478/510/478
f 462/494/462 478/510/478 463/495/463
f 463/495/463 478/510/478 479/511/479
f 463/495/463 479/511/479 464/496/464
f 464/496/464 479/511/479 480/512/480
f 464/496/464 480/512/480 465/497/465
f 465/497/465 480/512/480 481/513/481
f 465/497/465 481/513/481 466/498/466
f 466/498/466 481/513/481 482/514/482
f 466/498/466 482/514/482 451/483/451
f 451/483/451 482/514/482 467/499/467
f 244/262/245 483/515/483 243/259/243
f 245/264/247 483/515/483 244/262/245
f 246/266/249 483/515/483 245/264/247
f 247/268/251 483/515/483 246/266/249
f 248/270/253 483/515/483 247/268/251
f 249/272/255 483/515/483 248/270/253
f 250/274/257 483/515/483 249/272/255
f 251/276/259 483/515/483 250/274/257
f 252/278/261 483/515/483 251/276/259
f 253/280/263 483/515/483 252/278/261
f 254/282/265 483/515/483 253/280/263
f 255/284/267 483/515/483 254/282/265
f 256/286/269 483/515/483 255/284/267
f 257/288/271 483/515/483 256/286/269
f 258/290/273 483/515/483 257/288/271
f 243/259/243 483/515/483 258/290/273
f 467/499/467 484/516/484 468/500/468
f 468/500/468 484/516/484 469/501/469
f 469/501/469 484/516/484 470/502/470
f 470/502/470 484/516/484 471/503/471
f 471/503/471 484/516/484 472/504/472
f 472/504/472 484/516/484 473/505/473
f 473/505/473 484/516/484 474/506/474
f 474/506/474 484/516/484 475/507/475
f 475/507/475 484/516/484 476/508/476
f 476/508/476 484/516/484 477/509/477
f 477/509/477 484/516/484 478/510/478
f 478/510/478 484/516/484 479/511/479
f 479/511/479 484/516/484 480/512/480
f 480/512/480 484/516/484 481/513/481
f 481/513/481 484/516/484 482/514/482
f 482/514/482 484/516/484 467/499/467
s 3
f 485/517/485 486/518/486 488/520/487
f 488/520/487 486/518/486 487/519/488
f 485/517/485 489/521/489 486/518/486
f 486/518/486 489/521/489 490/522/490
f 486/518/491 491/523/492 487/519/493
f 487/519/493 491/523/492 492/524/494
f 486/518/491 490/522/495 491/523/492
f 491/523/492 490/522/495 493/525/496
f 495/526/497 487/519/493 494/527/498
f 494/527/498 487/519/493 492/524/494
f 496/528/499 497/529/500 490/522/495
f 490/522/495 497/529/500 493/525/496
f 498/530/501 488/520/487 495/526/497
f 495/526/497 488/520/487 487/519/488
f 499/531/502 496/528/499 489/521/489
f 489/521/489 496/528/499 490/522/490
f 495/526/497 500/532/503 498/530/501
f 498/530/501 500/532/503 501/533/504
f 496/528/499 499/531/502 503/534/505
f 503/534/505 499/531/502 502/535/506
f 500/532/503 495/526/497 504/536/507
f 504/536/507 495/526/497 494/527/498
f 503/534/505 505/537/508 496/528/499
f 496/528/499 505/537/508 497/529/500
f 500/532/503 506/538/509 501/533/504
f 507/539/510 505/537/508 503/534/505
f 504/536/507 506/538/509 500/532/503
f 507/539/510 503/534/505 502/535/506
f 498/540/501 501/541/504 509/543/511
f 509/543/511 501/541/504 508/542/512
f 499/545/502 510/546/513 502/544/506
f 502/544/506 510/546/513 511/547/514
f 509/543/511 512/548/515 498/540/501
f 498/540/501 512/548/515 488/549/516
f 510/546/513 499/545/502 513/550/517
f 513/550/517 499/545/502 489/551/518
f 485/552/519 488/549/516 514/553/520
f 514/553/520 488/549/516 512/548/515
f 485/552/519 514/553/520 489/551/518
f 489/551/518 514/553/520 513/550/517
f 515/555/521 504/556/507 516/554/522
f 516/554/522 504/556/507 494/557/498
f 518/558/523 517/559/524 505/561/508
f 505/561/508 517/559/524 497/560/500
f 516/554/522 494/557/498 519/562/525
f 519/562/525 494/557/498 492/563/494
f 517/559/524 520/564/526 497/560/500
f 497/560/500 520/564/526 493/565/496
f 491/566/492 521/567/527 492/563/494
f 492/563/494 521/567/527 519/562/525
f 491/566/492 493/565/496 521/567/527
f 521/567/527 493/565/496 520/564/526
f 504/556/507 515/555/521 506/568/509
f 506/568/509 515/555/521 522/569/528
f 505/561/508 507/570/510 518/558/523
f 518/558/523 507/570/510 523/571/529
f 501/541/504 506/568/509 508/542/512
f 508/542/512 506/568/509 522/569/528
f 502/544/506 511/547/514 507/570/510
f 507/570/510 511/547/514 523/571/529
f 527/572/530 568/573/531 526/575/532
f 526/575/532 568/573/531 569/574/533
f 574/576/534 575/577/535 571/579/536
f 571/579/536 575/577/535 570/578/537
f 576/581/538 577/582/539 580/580/540
f 580/580/540 577/582/539 581/583/541
f 578/585/542 579/586/543 528/584/544
f 528/584/544 579/586/543 529/587/545
f 533/588/546 580/580/540 532/589/547
f 532/589/547 580/580/540 581/583/541
f 537/590/548 584/591/549 536/593/550
f 536/593/550 584/591/549 585/592/551
f 586/595/552 587/596/553 534/594/554
f 534/594/554 587/596/553 535/597/555
f 541/598/556 588/599/557 540/601/558
f 540/601/558 588/599/557 589/600/559
f 590/603/560 591/604/561 538/602/562
f 538/602/562 591/604/561 539/605/563
f 545/606/564 662/607/565 544/609/566
f 544/609/566 662/607/565 663/608/567
f 656/611/568 657/612/569 542/610/570
f 542/610/570 657/612/569 543/613/571
f 549/614/572 592/615/573 548/617/574
f 548/617/574 592/615/573 593/616/575
f 594/619/576 595/620/577 546/618/578
f 546/618/578 595/620/577 547/621/579
f 548/617/574 596/622/580 549/614/572
f 549/614/572 596/622/580 597/623/581
f 555/624/582 598/625/583 554/627/584
f 554/627/584 598/625/583 599/626/585
f 557/628/586 600/629/587 556/631/588
f 556/631/588 600/629/587 601/630/589
f 602/632/590 603/633/591 554/627/584
f 554/627/584 603/633/591 555/624/582
f 604/635/592 605/636/593 561/634/594
f 561/634/594 605/636/593 560/637/595
f 558/638/596 606/639/597 559/641/598
f 559/641/598 606/639/597 607/640/599
f 564/643/600 565/644/601 524/642/602
f 524/642/602 565/644/601 525/645/603
f 562/646/604 566/647/605 563/649/606
f 563/649/606 566/647/605 567/648/607
f 565/644/601 564/643/600 560/637/595
f 560/637/595 564/643/600 561/634/594
f 566/647/605 531/650/608 567/648/607
f 567/648/607 531/650/608 530/651/609
f 572/652/610 573/653/611 525/645/603
f 525/645/603 573/653/611 524/642/602
f 571/579/536 570/578/537 529/587/545
f 529/587/545 570/578/537 528/584/544
f 568/573/531 573/653/611 569/574/533
f 569/574/533 573/653/611 572/652/610
f 531/650/608 575/577/535 530/651/609
f 530/651/609 575/577/535 574/576/534
f 576/581/538 527/572/530 577/582/539
f 577/582/539 527/572/530 526/575/532
f 578/585/542 582/654/612 579/586/543
f 579/586/543 582/654/612 583/655/613
f 583/655/613 582/654/612 535/597/555
f 535/597/555 582/654/612 534/594/554
f 584/591/549 533/588/546 585/592/551
f 585/592/551 533/588/546 532/589/547
f 587/596/553 586/595/552 539/605/563
f 539/605/563 586/595/552 538/602/562
f 588/599/557 537/590/548 589/600/559
f 589/600/559 537/590/548 536/593/550
f 591/604/561 590/603/560 543/613/571
f 543/613/571 590/603/560 542/610/570
f 546/618/578 547/621/579 660/656/614
f 660/656/614 547/621/579 661/657/615
f 592/615/573 545/606/564 593/616/575
f 593/616/575 545/606/564 544/609/566
f 595/620/577 594/619/576 551/659/616
f 551/659/616 594/619/576 550/658/617
f 597/623/581 596/622/580 553/661/618
f 553/661/618 596/622/580 552/660/619
f 599/626/585 598/625/583 550/658/617
f 550/658/617 598/625/583 551/659/616
f 600/629/587 553/661/618 601/630/589
f 601/630/589 553/661/618 552/660/619
f 603/633/591 602/632/590 559/641/598
f 559/641/598 602/632/590 558/638/596
f 605/636/593 604/635/592 556/631/588
f 556/631/588 604/635/592 557/628/586
f 606/639/597 562/646/604 607/640/599
f 607/640/599 562/646/604 563/649/606
f 610/663/620 611/664/621 609/662/622
f 609/662/622 611/664/621 608/665/623
f 617/667/624 612/668/625 616/666/626
f 616/666/626 612/668/625 613/669/627
f 614/670/628 615/671/629 567/648/607
f 567/648/607 615/671/629 563/649/606
f 612/668/625 609/662/622 613/669/627
f 613/669/627 609/662/622 608/665/623
f 611/664/621 610/663/620 614/670/628
f 614/670/628 610/663/620 615/671/629
f 560/637/595 617/667/624 565/644/601
f 565/644/601 617/667/624 616/666/626
f 620/672/630 621/673/631 514/553/520
f 514/553/520 621/673/631 513/550/517
f 620/672/630 514/553/520 619/674/632
f 619/674/632 514/553/520 512/548/515
f 513/550/517 621/673/631 510/546/513
f 510/546/513 621/673/631 622/675/633
f 618/676/634 619/674/632 509/543/511
f 509/543/511 619/674/632 512/548/515
f 613/669/627 619/674/632 616/666/626
f 616/666/626 619/674/632 618/676/634
f 620/672/630 619/674/632 608/665/623
f 608/665/623 619/674/632 613/669/627
f 620/672/630 608/665/623 621/673/631
f 621/673/631 608/665/623 611/664/621
f 622/675/633 621/673/631 614/670/628
f 614/670/628 621/673/631 611/664/621
f 614/670/628 567/648/607 622/675/633
f 622/675/633 567/648/607 530/651/609
f 616/666/626 618/676/634 565/644/601
f 565/644/601 618/676/634 525/645/603
f 530/651/609 511/547/514 622/675/633
f 622/675/633 511/547/514 510/546/513
f 525/645/603 618/676/634 508/542/512
f 508/542/512 618/676/634 509/543/511
f 523/571/529 511/547/514 574/576/534
f 574/576/534 511/547/514 530/651/609
f 522/569/528 572/652/610 508/542/512
f 508/542/512 572/652/610 525/645/603
f 623/677/635 624/678/636 523/571/529
f 523/571/529 624/678/636 518/558/523
f 626/679/637 522/569/528 625/680/638
f 625/680/638 522/569/528 515/555/521
f 574/576/534 571/579/536 523/571/529
f 523/571/529 571/579/536 623/677/635
f 572/652/610 522/569/528 569/574/533
f 569/574/533 522/569/528 626/679/637
f 520/564/526 627/681/639 521/567/527
f 521/567/527 627/681/639 628/682/640
f 519/562/525 521/567/527 629/683/641
f 629/683/641 521/567/527 628/682/640
f 627/681/639 520/564/526 630/684/642
f 630/684/642 520/564/526 517/559/524
f 629/683/641 631/685/643 519/562/525
f 519/562/525 631/685/643 516/554/522
f 624/678/636 630/684/642 518/558/523
f 518/558/523 630/684/642 517/559/524
f 625/680/638 515/555/521 631/685/643
f 631/685/643 515/555/521 516/554/522
f 632/686/644 623/677/635 529/587/545
f 529/587/545 623/677/635 571/579/536
f 633/687/645 526/575/532 626/679/637
f 626/679/637 526/575/532 569/574/533
f 632/686/644 529/587/545 634/688/646
f 634/688/646 529/587/545 579/586/543
f 633/687/645 635/689/647 526/575/532
f 526/575/532 635/689/647 577/582/539
f 633/687/645 626/679/637 636/690/648
f 636/690/648 626/679/637 625/680/638
f 632/686/644 637/691/649 623/677/635
f 623/677/635 637/691/649 624/678/636
f 636/690/648 625/680/638 638/692/650
f 638/692/650 625/680/638 631/685/643
f 637/691/649 639/693/651 624/678/636
f 624/678/636 639/693/651 630/684/642
f 640/694/652 638/692/650 629/683/641
f 629/683/641 638/692/650 631/685/643
f 641/695/653 627/681/639 639/693/651
f 639/693/651 627/681/639 630/684/642
f 629/683/641 628/682/640 640/694/652
f 640/694/652 628/682/640 642/696/654
f 627/681/639 641/695/653 628/682/640
f 628/682/640 641/695/653 642/696/654
f 637/691/649 632/686/644 644/697/655
f 644/697/655 632/686/644 643/698/656
f 636/690/648 645/699/657 633/687/645
f 633/687/645 645/699/657 646/700/658
f 632/686/644 634/688/646 643/698/656
f 643/698/656 634/688/646 647/701/659
f 633/687/645 646/700/658 635/689/647
f 635/689/647 646/700/658 648/702/660
f 644/697/655 649/703/661 637/691/649
f 637/691/649 649/703/661 639/693/651
f 645/699/657 636/690/648 650/704/662
f 650/704/662 636/690/648 638/692/650
f 639/693/651 649/703/661 641/695/653
f 641/695/653 649/703/661 651/705/663
f 638/692/650 640/694/652 650/704/662
f 650/704/662 640/694/652 652/706/664
f 641/695/653 651/705/663 642/696/654
f 642/696/654 651/705/663 653/707/665
f 640/694/652 642/696/654 652/706/664
f 652/706/664 642/696/654 653/707/665
f 579/586/543 583/655/613 634/688/646
f 634/688/646 583/655/613 654/708/666
f 655/709/667 581/583/541 635/689/647
f 635/689/647 581/583/541 577/582/539
f 660/656/614 661/657/615 656/611/568
f 656/611/568 661/657/615 657/612/569
f 658/711/668 541/598/556 659/710/669
f 659/710/669 541/598/556 540/601/558
f 659/710/669 663/608/567 658/711/668
f 658/711/668 663/608/567 662/607/565
f 610/663/620 664/712/670 615/671/629
f 615/671/629 664/712/670 665/713/671
f 612/668/625 617/667/624 667/714/672
f 667/714/672 617/667/624 666/715/673
f 609/662/622 668/716/674 610/663/620
f 610/663/620 668/716/674 664/712/670
f 609/662/622 612/668/625 668/716/674
f 668/716/674 612/668/625 667/714/672
f 615/671/629 665/713/671 563/649/606
f 563/649/606 665/713/671 607/640/599
f 617/667/624 560/637/595 666/715/673
f 666/715/673 560/637/595 605/636/593
f 665/713/671 669/717/675 607/640/599
f 607/640/599 669/717/675 559/641/598
f 666/715/673 605/636/593 670/718/676
f 670/718/676 605/636/593 556/631/588
f 664/712/670 671/719/677 665/713/671
f 665/713/671 671/719/677 669/717/675
f 667/714/672 666/715/673 672/720/678
f 672/720/678 666/715/673 670/718/676
f 671/719/677 664/712/670 673/721/679
f 673/721/679 664/712/670 668/716/674
f 672/720/678 673/721/679 667/714/672
f 667/714/672 673/721/679 668/716/674
f 686/723/680 687/724/681 677/722/682
f 677/722/682 687/724/681 676/725/683
f 688/727/684 689/728/685 681/726/686
f 681/726/686 689/728/685 680/729/687
f 690/731/688 691/732/689 683/730/690
f 683/730/690 691/732/689 682/733/691
f 680/729/687 692/734/692 681/726/686
f 681/726/686 692/734/692 693/735/693
f 686/723/680 674/736/694 687/724/681
f 687/724/681 674/736/694 675/737/695
f 688/727/684 678/738/696 689/728/685
f 689/728/685 678/738/696 679/739/697
f 691/732/689 690/731/688 674/736/694
f 674/736/694 690/731/688 675/737/695
f 692/734/692 684/740/698 693/735/693
f 693/735/693 684/740/698 685/741/699
f 698/743/700 699/744/701 695/742/702
f 695/742/702 699/744/701 694/745/703
f 678/738/696 700/746/704 679/739/697
f 679/739/697 700/746/704 701/747/705
f 699/744/701 698/743/700 676/725/683
f 676/725/683 698/743/700 677/722/682
f 700/746/704 696/748/706 701/747/705
f 701/747/705 696/748/706 697/749/707
f 706/751/708 707/752/709 703/750/710
f 703/750/710 707/752/709 702/753/711
f 708/754/712 709/755/713 696/748/706
f 696/748/706 709/755/713 697/749/707
f 706/751/708 695/742/702 707/752/709
f 707/752/709 695/742/702 694/745/703
f 708/754/712 704/756/714 709/755/713
f 709/755/713 704/756/714 705/757/715
f 714/759/716 715/760/717 711/758/718
f 711/758/718 715/760/717 710/761/719
f 704/756/714 716/762/720 705/757/715
f 705/757/715 716/762/720 717/763/721
f 715/760/717 714/759/716 702/753/711
f 702/753/711 714/759/716 703/750/710
f 716/762/720 712/764/722 717/763/721
f 717/763/721 712/764/722 713/765/723
f 726/767/724 727/768/725 719/766/726
f 719/766/726 727/768/725 718/769/727
f 712/764/722 728/770/728 713/765/723
f 713/765/723 728/770/728 729/771/729
f 722/773/730 723/774/731 682/772/691
f 682/772/691 723/774/731 683/775/690
f 724/777/732 725/778/733 720/776/734
f 720/776/734 725/778/733 721/779/735
f 722/773/730 719/766/726 723/774/731
f 723/774/731 719/766/726 718/769/727
f 724/777/732 685/780/699 725/778/733
f 725/778/733 685/780/699 684/781/698
f 727/768/725 726/767/724 710/761/719
f 710/761/719 726/767/724 711/758/718
f 728/770/728 720/776/734 729/771/729
f 729/771/729 720/776/734 721/779/735
f 730/782/736 654/708/666 535/597/555
f 535/597/555 654/708/666 583/655/613
f 731/783/737 532/589/547 655/709/667
f 655/709/667 532/589/547 581/583/541
f 676/725/683 730/782/736 587/596/553
f 587/596/553 730/782/736 535/597/555
f 679/739/697 585/592/551 731/783/737
f 731/783/737 585/592/551 532/589/547
f 733/784/738 655/709/667 648/702/660
f 648/702/660 655/709/667 635/689/647
f 634/688/646 654/708/666 647/701/659
f 647/701/659 654/708/666 732/785/739
f 654/708/666 730/782/736 732/785/739
f 732/785/739 730/782/736 734/786/740
f 655/709/667 733/784/738 731/783/737
f 731/783/737 733/784/738 735/787/741
f 676/725/683 687/724/681 730/782/736
f 730/782/736 687/724/681 734/786/740
f 679/739/697 731/783/737 689/728/685
f 689/728/685 731/783/737 735/787/741
f 539/605/563 699/744/701 587/596/553
f 587/596/553 699/744/701 676/725/683
f 536/593/550 585/592/551 701/747/705
f 701/747/705 585/592/551 679/739/697
f 694/745/703 699/744/701 591/604/561
f 591/604/561 699/744/701 539/605/563
f 697/749/707 589/600/559 701/747/705
f 701/747/705 589/600/559 536/593/550
f 543/613/571 736/788/742 591/604/561
f 591/604/561 736/788/742 694/745/703
f 540/601/558 589/600/559 737/789/743
f 737/789/743 589/600/559 697/749/707
f 657/612/569 738/790/744 543/613/571
f 543/613/571 738/790/744 736/788/742
f 659/710/669 540/601/558 739/791/745
f 739/791/745 540/601/558 737/789/743
f 595/620/577 740/792/746 547/621/579
f 547/621/579 740/792/746 741/793/747
f 593/616/575 544/609/566 743/794/748
f 743/794/748 544/609/566 742/795/749
f 744/796/750 661/657/615 741/793/747
f 741/793/747 661/657/615 547/621/579
f 745/797/751 742/795/749 663/608/567
f 663/608/567 742/795/749 544/609/566
f 738/790/744 657/612/569 744/796/750
f 744/796/750 657/612/569 661/657/615
f 739/791/745 745/797/751 659/710/669
f 659/710/669 745/797/751 663/608/567
f 747/798/752 598/625/583 746/799/753
f 746/799/753 598/625/583 555/624/582
f 748/800/754 749/801/755 596/622/580
f 596/622/580 749/801/755 552/660/619
f 750/802/756 551/659/616 747/798/752
f 747/798/752 551/659/616 598/625/583
f 751/803/757 748/800/754 548/617/574
f 548/617/574 748/800/754 596/622/580
f 740/792/746 595/620/577 750/802/756
f 750/802/756 595/620/577 551/659/616
f 743/794/748 751/803/757 593/616/575
f 593/616/575 751/803/757 548/617/574
f 755/804/758 752/805/759 754/807/760
f 754/807/760 752/805/759 753/806/761
f 755/804/758 754/807/760 757/808/762
f 757/808/762 754/807/760 756/809/763
f 555/624/582 758/810/764 746/799/753
f 746/799/753 758/810/764 759/811/765
f 760/812/766 761/813/767 756/809/763
f 756/809/763 761/813/767 757/808/762
f 673/721/679 764/814/768 671/719/677
f 671/719/677 764/814/768 765/815/769
f 673/721/679 672/720/678 764/814/768
f 764/814/768 672/720/678 763/816/770
f 758/810/764 753/806/761 759/811/765
f 759/811/765 753/806/761 752/805/759
f 552/660/619 749/801/755 760/812/766
f 760/812/766 749/801/755 761/813/767
f 671/719/677 765/815/769 669/717/675
f 669/717/675 765/815/769 766/817/771
f 762/818/772 763/816/770 670/718/676
f 670/718/676 763/816/770 672/720/678
f 763/816/770 762/818/772 756/809/763
f 756/809/763 762/818/772 760/812/766
f 764/814/768 763/816/770 754/807/760
f 754/807/760 763/816/770 756/809/763
f 764/814/768 754/807/760 765/815/769
f 765/815/769 754/807/760 753/806/761
f 765/815/769 753/806/761 766/817/771
f 766/817/771 753/806/761 758/810/764
f 766/817/771 758/810/764 603/633/591
f 603/633/591 758/810/764 555/624/582
f 762/818/772 601/630/589 760/812/766
f 760/812/766 601/630/589 552/660/619
f 603/633/591 559/641/598 766/817/771
f 766/817/771 559/641/598 669/717/675
f 601/630/589 762/818/772 556/631/588
f 556/631/588 762/818/772 670/718/676
f 694/745/703 736/788/742 707/752/709
f 707/752/709 736/788/742 767/819/773
f 697/749/707 709/755/713 737/789/743
f 737/789/743 709/755/713 768/820/774
f 767/819/773 769/821/775 707/752/709
f 707/752/709 769/821/775 702/753/711
f 768/820/774 709/755/713 770/822/776
f 770/822/776 709/755/713 705/757/715
f 775/823/777 776/824/778 769/821/775
f 769/821/775 776/824/778 702/753/711
f 774/825/779 777/826/780 773/828/781
f 773/828/781 777/826/780 778/827/782
f 776/824/778 775/823/777 772/830/783
f 772/830/783 775/823/777 771/829/784
f 777/826/780 770/822/776 778/827/782
f 778/827/782 770/822/776 705/757/715
f 779/831/785 780/832/786 903/834/787
f 903/834/787 780/832/786 904/833/788
f 902/835/789 781/836/790 903/838/787
f 903/838/787 781/836/790 779/837/785
f 907/840/791 782/841/792 906/839/793
f 906/839/793 782/841/792 783/842/794
f 905/844/795 906/845/793 784/843/796
f 784/843/796 906/845/793 783/846/794
f 783/842/794 782/841/792 989/848/797
f 989/848/797 782/841/792 952/847/798
f 783/846/794 989/849/797 784/843/796
f 784/843/796 989/849/797 950/850/799
f 785/852/800 786/853/801 788/851/802
f 788/851/802 786/853/801 787/854/803
f 792/855/804 789/856/805 791/858/806
f 791/858/806 789/856/805 790/857/807
f 794/859/808 787/854/803 793/860/809
f 793/860/809 787/854/803 786/853/801
f 794/859/808 793/861/809 790/857/807
f 790/857/807 793/861/809 791/858/806
f 789/856/805 792/855/804 771/829/784
f 771/829/784 792/855/804 772/830/783
f 788/851/802 774/825/779 785/852/800
f 785/852/800 774/825/779 773/828/781
f 767/819/773 736/788/742 795/862/810
f 795/862/810 736/788/742 738/790/744
f 768/820/774 796/863/811 737/789/743
f 737/789/743 796/863/811 739/791/745
f 795/862/810 801/864/812 767/819/773
f 767/819/773 801/864/812 769/821/775
f 774/825/779 788/851/802 800/865/813
f 800/865/813 788/851/802 798/866/814
f 771/829/784 799/867/815 789/856/805
f 789/856/805 799/867/815 797/868/816
f 777/826/780 774/825/779 804/869/817
f 804/869/817 774/825/779 800/865/813
f 769/821/775 801/864/812 775/823/777
f 775/823/777 801/864/812 803/870/818
f 796/863/811 768/820/774 802/871/819
f 802/871/819 768/820/774 770/822/776
f 775/823/777 803/870/818 771/829/784
f 771/829/784 803/870/818 799/867/815
f 770/822/776 777/826/780 802/871/819
f 802/871/819 777/826/780 804/869/817
f 805/872/820 790/857/807 797/868/816
f 797/868/816 790/857/807 789/856/805
f 806/873/821 798/866/814 787/854/803
f 787/854/803 798/866/814 788/851/802
f 790/857/807 805/872/820 794/859/808
f 794/859/808 805/872/820 807/874/822
f 787/854/803 794/859/808 806/873/821
f 806/873/821 794/859/808 807/874/822
f 808/875/823 809/876/824 807/874/822
f 807/874/822 809/876/824 806/873/821
f 808/875/823 807/874/822 810/877/825
f 810/877/825 807/874/822 805/872/820
f 795/862/810 738/790/744 811/878/826
f 811/878/826 738/790/744 744/796/750
f 796/863/811 812/879/827 739/791/745
f 739/791/745 812/879/827 745/797/751
f 801/864/812 795/862/810 813/880/828
f 813/880/828 795/862/810 811/878/826
f 802/871/819 814/881/829 796/863/811
f 796/863/811 814/881/829 812/879/827
f 799/867/815 815/882/830 797/868/816
f 797/868/816 815/882/830 816/883/831
f 800/865/813 798/866/814 817/885/832
f 817/885/832 798/866/814 818/884/833
f 801/864/812 813/880/828 803/870/818
f 803/870/818 813/880/828 819/886/834
f 802/871/819 804/869/817 814/881/829
f 814/881/829 804/869/817 820/887/835
f 803/870/818 819/886/834 799/867/815
f 799/867/815 819/886/834 815/882/830
f 804/869/817 800/865/813 820/887/835
f 820/887/835 800/865/813 817/885/832
f 797/868/816 816/883/831 805/872/820
f 805/872/820 816/883/831 810/877/825
f 798/866/814 806/873/821 818/884/833
f 818/884/833 806/873/821 809/876/824
f 809/876/824 808/875/823 822/888/836
f 822/888/836 808/875/823 821/889/837
f 810/877/825 823/890/838 808/875/823
f 808/875/823 823/890/838 821/889/837
f 811/878/826 744/796/750 824/891/839
f 824/891/839 744/796/750 741/793/747
f 812/879/827 825/892/840 745/797/751
f 745/797/751 825/892/840 742/795/749
f 813/880/828 811/878/826 826/893/841
f 826/893/841 811/878/826 824/891/839
f 814/881/829 827/894/842 812/879/827
f 812/879/827 827/894/842 825/892/840
f 816/883/831 815/882/830 829/896/843
f 829/896/843 815/882/830 828/895/844
f 818/884/833 831/897/845 817/885/832
f 817/885/832 831/897/845 830/898/846
f 819/886/834 813/880/828 832/899/847
f 832/899/847 813/880/828 826/893/841
f 820/887/835 833/900/848 814/881/829
f 814/881/829 833/900/848 827/894/842
f 819/886/834 832/899/847 815/882/830
f 815/882/830 832/899/847 828/895/844
f 820/887/835 817/885/832 833/900/848
f 833/900/848 817/885/832 830/898/846
f 816/883/831 829/896/843 810/877/825
f 810/877/825 829/896/843 823/890/838
f 818/884/833 809/876/824 831/897/845
f 831/897/845 809/876/824 822/888/836
f 846/901/849 847/902/850 821/889/837
f 821/889/837 847/902/850 822/888/836
f 846/901/849 821/889/837 845/903/851
f 845/903/851 821/889/837 823/890/838
f 847/902/850 848/904/852 822/888/836
f 822/888/836 848/904/852 831/897/845
f 845/903/851 823/890/838 844/905/853
f 844/905/853 823/890/838 829/896/843
f 835/906/854 834/907/855 752/805/759
f 752/805/759 834/907/855 759/811/765
f 836/908/856 835/906/854 755/804/758
f 755/804/758 835/906/854 752/805/759
f 836/908/856 755/804/758 837/909/857
f 837/909/857 755/804/758 757/808/762
f 837/909/857 757/808/762 838/910/858
f 838/910/858 757/808/762 761/813/767
f 834/907/855 835/906/854 839/912/859
f 839/912/859 835/906/854 840/911/860
f 835/906/854 836/908/856 840/911/860
f 840/911/860 836/908/856 841/913/861
f 841/913/861 836/908/856 842/914/862
f 842/914/862 836/908/856 837/909/857
f 842/914/862 837/909/857 843/915/863
f 843/915/863 837/909/857 838/910/858
f 839/912/859 840/911/860 844/905/853
f 844/905/853 840/911/860 845/903/851
f 841/913/861 846/901/849 840/911/860
f 840/911/860 846/901/849 845/903/851
f 847/902/850 846/901/849 842/914/862
f 842/914/862 846/901/849 841/913/861
f 847/902/850 842/914/862 848/904/852
f 848/904/852 842/914/862 843/915/863
f 834/907/855 849/916/864 759/811/765
f 759/811/765 849/916/864 746/799/753
f 838/910/858 761/813/767 850/917/865
f 850/917/865 761/813/767 749/801/755
f 851/918/866 747/798/752 849/916/864
f 849/916/864 747/798/752 746/799/753
f 852/919/867 850/917/865 748/800/754
f 748/800/754 850/917/865 749/801/755
f 853/920/868 750/802/756 851/918/866
f 851/918/866 750/802/756 747/798/752
f 854/921/869 852/919/867 751/803/757
f 751/803/757 852/919/867 748/800/754
f 855/922/870 740/792/746 853/920/868
f 853/920/868 740/792/746 750/802/756
f 856/923/871 854/921/869 743/794/748
f 743/794/748 854/921/869 751/803/757
f 824/891/839 741/793/747 855/922/870
f 855/922/870 741/793/747 740/792/746
f 825/892/840 856/923/871 742/795/749
f 742/795/749 856/923/871 743/794/748
f 857/925/872 855/922/870 858/924/873
f 858/924/873 855/922/870 853/920/868
f 860/926/874 859/927/875 856/923/871
f 856/923/871 859/927/875 854/921/869
f 826/893/841 824/891/839 857/925/872
f 857/925/872 824/891/839 855/922/870
f 827/894/842 860/926/874 825/892/840
f 825/892/840 860/926/874 856/923/871
f 832/899/847 826/893/841 861/928/876
f 861/928/876 826/893/841 857/925/872
f 833/900/848 862/929/877 827/894/842
f 827/894/842 862/929/877 860/926/874
f 832/899/847 861/928/876 828/895/844
f 828/895/844 861/928/876 863/930/878
f 833/900/848 830/898/846 862/929/877
f 862/929/877 830/898/846 864/931/879
f 828/895/844 863/930/878 829/896/843
f 829/896/843 863/930/878 844/905/853
f 830/898/846 831/897/845 864/931/879
f 864/931/879 831/897/845 848/904/852
f 839/912/859 844/905/853 865/932/880
f 865/932/880 844/905/853 863/930/878
f 843/915/863 866/933/881 848/904/852
f 848/904/852 866/933/881 864/931/879
f 867/934/882 861/928/876 858/924/873
f 858/924/873 861/928/876 857/925/872
f 868/935/883 859/927/875 862/929/877
f 862/929/877 859/927/875 860/926/874
f 861/928/876 867/934/882 863/930/878
f 863/930/878 867/934/882 865/932/880
f 862/929/877 864/931/879 868/935/883
f 868/935/883 864/931/879 866/933/881
f 839/912/859 865/932/880 834/907/855
f 834/907/855 865/932/880 849/916/864
f 843/915/863 838/910/858 866/933/881
f 866/933/881 838/910/858 850/917/865
f 867/934/882 851/918/866 865/932/880
f 865/932/880 851/918/866 849/916/864
f 868/935/883 866/933/881 852/919/867
f 852/919/867 866/933/881 850/917/865
f 853/920/868 851/918/866 858/924/873
f 858/924/873 851/918/866 867/934/882
f 854/921/869 859/927/875 852/919/867
f 852/919/867 859/927/875 868/935/883
f 793/861/809 879/936/884 791/858/806
f 791/858/806 879/936/884 880/937/885
f 878/938/886 879/939/884 786/853/801
f 786/853/801 879/939/884 793/860/809
f 881/940/887 792/855/804 880/937/885
f 880/937/885 792/855/804 791/858/806
f 877/941/888 878/938/886 785/852/800
f 785/852/800 878/938/886 786/853/801
f 792/855/804 881/940/887 772/830/783
f 772/830/783 881/940/887 882/942/889
f 876/943/890 877/941/888 773/828/781
f 773/828/781 877/941/888 785/852/800
f 772/830/783 882/942/889 776/824/778
f 776/824/778 882/942/889 883/944/891
f 705/757/715 717/763/721 778/827/782
f 778/827/782 717/763/721 875/945/892
f 702/753/711 776/824/778 715/760/717
f 715/760/717 776/824/778 883/944/891
f 773/828/781 778/827/782 876/943/890
f 876/943/890 778/827/782 875/945/892
f 901/946/893 729/771/729 874/947/894
f 874/947/894 729/771/729 721/779/735
f 901/946/893 874/947/894 900/948/895
f 900/948/895 874/947/894 872/949/896
f 870/950/897 899/951/898 872/949/896
f 872/949/896 899/951/898 900/948/895
f 899/951/898 870/950/897 898/952/899
f 898/952/899 870/950/897 780/832/786
f 897/953/900 898/952/899 779/831/785
f 779/831/785 898/952/899 780/832/786
f 897/955/900 779/837/785 896/954/901
f 896/954/901 779/837/785 781/836/790
f 895/957/902 896/954/901 869/956/903
f 869/956/903 896/954/901 781/836/790
f 894/958/904 895/957/902 871/959/905
f 871/959/905 895/957/902 869/956/903
f 893/960/906 894/958/904 873/961/907
f 873/961/907 894/958/904 871/959/905
f 893/960/906 873/961/907 727/768/725
f 727/768/725 873/961/907 718/769/727
f 715/760/717 883/944/891 710/761/719
f 710/761/719 883/944/891 884/962/908
f 883/944/891 882/942/889 884/962/908
f 884/962/908 882/942/889 885/963/909
f 881/940/887 886/964/910 882/942/889
f 882/942/889 886/964/910 885/963/909
f 886/964/910 881/940/887 887/965/911
f 887/965/911 881/940/887 880/937/885
f 879/936/884 888/966/912 880/937/885
f 880/937/885 888/966/912 887/965/911
f 889/967/913 888/968/912 878/938/886
f 878/938/886 888/968/912 879/939/884
f 878/938/886 877/941/888 889/967/913
f 889/967/913 877/941/888 890/969/914
f 891/970/915 890/969/914 876/943/890
f 876/943/890 890/969/914 877/941/888
f 875/945/892 892/971/916 876/943/890
f 876/943/890 892/971/916 891/970/915
f 717/763/721 713/765/723 875/945/892
f 875/945/892 713/765/723 892/971/916
f 710/761/719 884/962/908 727/768/725
f 727/768/725 884/962/908 893/960/906
f 884/962/908 885/963/909 893/960/906
f 893/960/906 885/963/909 894/958/904
f 885/963/909 886/964/910 894/958/904
f 894/958/904 886/964/910 895/957/902
f 896/954/901 895/957/902 887/965/911
f 887/965/911 895/957/902 886/964/910
f 888/966/912 897/955/900 887/965/911
f 887/965/911 897/955/900 896/954/901
f 898/952/899 897/953/900 889/967/913
f 889/967/913 897/953/900 888/968/912
f 890/969/914 899/951/898 889/967/913
f 889/967/913 899/951/898 898/952/899
f 899/951/898 890/969/914 900/948/895
f 900/948/895 890/969/914 891/970/915
f 892/971/916 901/946/893 891/970/915
f 891/970/915 901/946/893 900/948/895
f 713/765/723 729/771/729 892/971/916
f 892/971/916 729/771/729 901/946/893
f 905/844/795 902/835/789 906/845/793
f 906/845/793 902/835/789 903/838/787
f 903/834/787 904/833/788 906/839/793
f 906/839/793 904/833/788 907/840/791
f 908/972/917 909/973/918 869/956/903
f 869/956/903 909/973/918 871/959/905
f 911/974/919 870/950/897 910/975/920
f 910/975/920 870/950/897 872/949/896
f 908/972/917 869/956/903 902/835/789
f 902/835/789 869/956/903 781/836/790
f 911/974/919 904/833/788 870/950/897
f 870/950/897 904/833/788 780/832/786
f 718/769/727 873/961/907 913/976/921
f 913/976/921 873/961/907 912/977/922
f 721/779/735 914/978/923 874/947/894
f 874/947/894 914/978/923 915/979/924
f 873/961/907 871/959/905 912/977/922
f 912/977/922 871/959/905 909/973/918
f 874/947/894 915/979/924 872/949/896
f 872/949/896 915/979/924 910/975/920
f 718/769/727 913/976/921 723/774/731
f 723/774/731 913/976/921 916/980/925
f 721/779/735 725/778/733 914/978/923
f 914/978/923 725/778/733 917/981/926
f 918/982/927 683/775/690 916/980/925
f 916/980/925 683/775/690 723/774/731
f 919/983/928 917/981/926 684/781/698
f 684/781/698 917/981/926 725/778/733
f 920/985/929 690/731/688 918/984/927
f 918/984/927 690/731/688 683/730/690
f 921/986/930 919/987/928 692/734/692
f 692/734/692 919/987/928 684/740/698
f 922/988/931 923/989/932 651/705/663
f 651/705/663 923/989/932 653/707/665
f 924/990/933 652/706/664 923/989/932
f 923/989/932 652/706/664 653/707/665
f 644/697/655 643/698/656 926/992/934
f 926/992/934 643/698/656 925/991/935
f 645/699/657 927/993/936 646/700/658
f 646/700/658 927/993/936 928/994/937
f 643/698/656 647/701/659 925/991/935
f 925/991/935 647/701/659 929/995/938
f 646/700/658 928/994/937 648/702/660
f 648/702/660 928/994/937 930/996/939
f 649/703/661 644/697/655 931/997/940
f 931/997/940 644/697/655 926/992/934
f 650/704/662 932/998/941 645/699/657
f 645/699/657 932/998/941 927/993/936
f 651/705/663 649/703/661 922/988/931
f 922/988/931 649/703/661 931/997/940
f 652/706/664 924/990/933 650/704/662
f 650/704/662 924/990/933 932/998/941
f 934/999/942 733/784/738 930/996/939
f 930/996/939 733/784/738 648/702/660
f 647/701/659 732/785/739 929/995/938
f 929/995/938 732/785/739 933/1000/943
f 732/785/739 734/786/740 933/1000/943
f 933/1000/943 734/786/740 935/1001/944
f 733/784/738 934/999/942 735/787/741
f 735/787/741 934/999/942 936/1002/945
f 734/786/740 687/724/681 935/1001/944
f 935/1001/944 687/724/681 675/737/695
f 735/787/741 936/1002/945 689/728/685
f 689/728/685 936/1002/945 680/729/687
f 920/985/929 935/1001/944 690/731/688
f 690/731/688 935/1001/944 675/737/695
f 921/986/930 692/734/692 936/1002/945
f 936/1002/945 692/734/692 680/729/687
f 940/1003/946 949/1004/947 939/1006/948
f 939/1006/948 949/1004/947 950/1005/799
f 951/1008/949 952/1009/798 944/1007/950
f 944/1007/950 952/1009/798 943/1010/951
f 937/1011/952 953/1012/953 938/1014/954
f 938/1014/954 953/1012/953 954/1013/955
f 955/1016/956 956/1017/957 948/1015/958
f 948/1015/958 956/1017/957 947/1018/959
f 949/1004/947 937/1011/952 950/1005/799
f 950/1005/799 937/1011/952 938/1014/954
f 952/1009/798 951/1008/949 942/1020/960
f 942/1020/960 951/1008/949 941/1019/961
f 953/1012/953 945/1021/962 954/1013/955
f 954/1013/955 945/1021/962 946/1022/963
f 956/1017/957 955/1016/956 943/1010/951
f 943/1010/951 955/1016/956 944/1007/950
f 958/1023/964 961/1024/965 957/1026/966
f 957/1026/966 961/1024/965 962/1025/967
f 963/1027/968 964/1028/969 947/1018/959
f 947/1018/959 964/1028/969 948/1015/958
f 961/1024/965 946/1022/963 962/1025/967
f 962/1025/967 946/1022/963 945/1021/962
f 964/1028/969 963/1027/968 960/1030/970
f 960/1030/970 963/1027/968 959/1029/971
f 966/1031/972 958/1023/964 965/1032/973
f 965/1032/973 958/1023/964 957/1026/966
f 967/1033/974 968/1034/975 959/1029/971
f 959/1029/971 968/1034/975 960/1030/970
f 966/1031/972 965/1032/973 970/1035/976
f 970/1035/976 965/1032/973 969/1036/977
f 967/1033/974 971/1037/978 968/1034/975
f 968/1034/975 971/1037/978 972/1038/979
f 1041/1040/980 1042/1041/981 974/1039/982
f 974/1039/982 1042/1041/981 973/1042/983
f 1050/1044/984 979/1045/985 1049/1043/986
f 1049/1043/986 979/1045/985 980/1046/987
f 1071/1047/988 1072/1048/989 969/1036/977
f 969/1036/977 1072/1048/989 970/1035/976
f 979/1045/985 1044/1049/990 980/1046/987
f 980/1046/987 1044/1049/990 1045/1050/991
f 981/1051/992 982/1052/993 973/1042/983
f 973/1042/983 982/1052/993 974/1039/982
f 984/1053/994 976/1054/995 983/1056/996
f 983/1056/996 976/1054/995 975/1055/997
f 985/1057/998 986/1058/999 981/1051/992
f 981/1051/992 986/1058/999 982/1052/993
f 987/1060/1000 988/1061/1001 941/1059/961
f 941/1059/961 988/1061/1001 942/1062/960
f 985/1057/998 940/1063/946 986/1058/999
f 986/1058/999 940/1063/946 939/1064/948
f 987/1060/1000 984/1053/994 988/1061/1001
f 988/1061/1001 984/1053/994 983/1056/996
f 990/1065/1002 989/848/797 942/1066/1003
f 942/1066/1003 989/848/797 952/847/798
f 990/1067/1002 939/1068/1004 989/849/797
f 989/849/797 939/1068/1004 950/850/799
f 988/1069/1005 991/1070/1006 942/1066/1003
f 942/1066/1003 991/1070/1006 990/1065/1002
f 986/1071/1007 939/1068/1004 991/1072/1006
f 991/1072/1006 939/1068/1004 990/1067/1002
f 988/1073/1005 983/1074/996 991/1076/1006
f 991/1076/1006 983/1074/996 992/1075/1008
f 986/1078/1007 991/1079/1006 982/1077/993
f 982/1077/993 991/1079/1006 992/1080/1008
f 975/1081/997 993/1082/1009 983/1074/996
f 983/1074/996 993/1082/1009 992/1075/1008
f 974/1083/982 982/1077/993 993/1084/1009
f 993/1084/1009 982/1077/993 992/1080/1008
f 938/1085/954 954/1086/955 1014/1088/1010
f 1014/1088/1010 954/1086/955 1013/1087/1011
f 910/975/920 1006/1089/1012 911/974/919
f 911/974/919 1006/1089/1012 1007/1090/1013
f 954/1086/955 946/1091/963 1013/1087/1011
f 1013/1087/1011 946/1091/963 1012/1092/1014
f 1006/1089/1012 910/975/920 1005/1093/1015
f 1005/1093/1015 910/975/920 915/979/924
f 946/1091/963 961/1094/965 1012/1092/1014
f 1012/1092/1014 961/1094/965 1011/1095/1016
f 1005/1093/1015 915/979/924 1004/1096/1017
f 1004/1096/1017 915/979/924 914/978/923
f 958/1097/964 966/1098/972 1010/1100/1018
f 1010/1100/1018 966/1098/972 1009/1099/1019
f 1003/1102/1020 917/981/926 1002/1101/1021
f 1002/1101/1021 917/981/926 919/983/928
f 961/1094/965 958/1097/964 1011/1095/1016
f 1011/1095/1016 958/1097/964 1010/1100/1018
f 1003/1102/1020 1004/1096/1017 917/981/926
f 917/981/926 1004/1096/1017 914/978/923
f 966/1103/972 970/1104/976 1009/1106/1019
f 1009/1106/1019 970/1104/976 1008/1105/1022
f 1002/1108/1021 919/987/928 1001/1107/1023
f 1001/1107/1023 919/987/928 921/986/930
f 995/1109/1024 994/1110/1025 918/984/927
f 918/984/927 994/1110/1025 920/985/929
f 996/1111/1026 995/1112/1024 916/980/925
f 916/980/925 995/1112/1024 918/982/927
f 913/976/921 997/1113/1027 916/980/925
f 916/980/925 997/1113/1027 996/1111/1026
f 998/1114/1028 997/1113/1027 912/977/922
f 912/977/922 997/1113/1027 913/976/921
f 999/1115/1029 998/1114/1028 909/973/918
f 909/973/918 998/1114/1028 912/977/922
f 1000/1116/1030 999/1115/1029 908/972/917
f 908/972/917 999/1115/1029 909/973/918
f 1016/1118/1031 1002/1108/1021 1015/1117/1032
f 1015/1117/1032 1002/1108/1021 1001/1107/1023
f 1017/1120/1033 1003/1102/1020 1016/1119/1031
f 1016/1119/1031 1003/1102/1020 1002/1101/1021
f 1018/1121/1034 1004/1096/1017 1017/1120/1033
f 1017/1120/1033 1004/1096/1017 1003/1102/1020
f 1019/1122/1035 1005/1093/1015 1018/1121/1034
f 1018/1121/1034 1005/1093/1015 1004/1096/1017
f 1020/1123/1036 1006/1089/1012 1019/1122/1035
f 1019/1122/1035 1006/1089/1012 1005/1093/1015
f 1006/1089/1012 1020/1123/1036 1007/1090/1013
f 1007/1090/1013 1020/1123/1036 1021/1124/1037
f 994/1110/1025 995/1109/1024 1008/1105/1022
f 1008/1105/1022 995/1109/1024 1009/1106/1019
f 995/1112/1024 996/1111/1026 1009/1099/1019
f 1009/1099/1019 996/1111/1026 1010/1100/1018
f 996/1111/1026 997/1113/1027 1010/1100/1018
f 1010/1100/1018 997/1113/1027 1011/1095/1016
f 997/1113/1027 998/1114/1028 1011/1095/1016
f 1011/1095/1016 998/1114/1028 1012/1092/1014
f 998/1114/1028 999/1115/1029 1012/1092/1014
f 1012/1092/1014 999/1115/1029 1013/1087/1011
f 1014/1088/1010 1013/1087/1011 1000/1116/1030
f 1000/1116/1030 1013/1087/1011 999/1115/1029
f 1015/1117/1032 971/1125/978 1016/1118/1031
f 1016/1118/1031 971/1125/978 967/1126/974
f 1016/1119/1031 967/1127/974 1017/1120/1033
f 1017/1120/1033 967/1127/974 959/1128/971
f 1017/1120/1033 959/1128/971 1018/1121/1034
f 1018/1121/1034 959/1128/971 963/1129/968
f 1018/1121/1034 963/1129/968 1019/1122/1035
f 1019/1122/1035 963/1129/968 947/1130/959
f 1019/1122/1035 947/1130/959 1020/1123/1036
f 1020/1123/1036 947/1130/959 956/1131/957
f 1020/1123/1036 956/1131/957 1021/1124/1037
f 1021/1124/1037 956/1131/957 943/1132/951
f 1014/1088/1010 784/843/796 938/1085/954
f 938/1085/954 784/843/796 950/850/799
f 952/847/798 782/841/792 943/1132/951
f 943/1132/951 782/841/792 1021/1124/1037
f 784/843/796 1014/1088/1010 905/844/795
f 905/844/795 1014/1088/1010 1000/1116/1030
f 782/841/792 907/840/791 1021/1124/1037
f 1021/1124/1037 907/840/791 1007/1090/1013
f 1000/1116/1030 908/972/917 905/844/795
f 905/844/795 908/972/917 902/835/789
f 1007/1090/1013 907/840/791 911/974/919
f 911/974/919 907/840/791 904/833/788
f 1023/1133/1038 1022/1134/1039 923/989/932
f 923/989/932 1022/1134/1039 924/990/933
f 1023/1133/1038 923/989/932 1024/1135/1040
f 1024/1135/1040 923/989/932 922/988/931
f 926/992/934 925/991/935 1026/1137/1041
f 1026/1137/1041 925/991/935 1025/1136/1042
f 927/993/936 1027/1138/1043 928/994/937
f 928/994/937 1027/1138/1043 1028/1139/1044
f 925/991/935 929/995/938 1025/1136/1042
f 1025/1136/1042 929/995/938 1029/1140/1045
f 928/994/937 1028/1139/1044 930/996/939
f 930/996/939 1028/1139/1044 1030/1141/1046
f 926/992/934 1026/1137/1041 931/997/940
f 931/997/940 1026/1137/1041 1031/1142/1047
f 927/993/936 932/998/941 1027/1138/1043
f 1027/1138/1043 932/998/941 1032/1143/1048
f 931/997/940 1031/1142/1047 922/988/931
f 922/988/931 1031/1142/1047 1024/1135/1040
f 932/998/941 924/990/933 1032/1143/1048
f 1032/1143/1048 924/990/933 1022/1134/1039
f 1034/1144/1049 934/999/942 1030/1141/1046
f 1030/1141/1046 934/999/942 930/996/939
f 929/995/938 933/1000/943 1029/1140/1045
f 1029/1140/1045 933/1000/943 1033/1145/1050
f 933/1000/943 935/1001/944 1033/1145/1050
f 1033/1145/1050 935/1001/944 920/985/929
f 934/999/942 1034/1144/1049 936/1002/945
f 936/1002/945 1034/1144/1049 921/986/930
f 1022/1134/1039 1023/1133/1038 1056/1147/1051
f 1056/1147/1051 1023/1133/1038 1055/1146/1052
f 1055/1146/1052 1023/1133/1038 1054/1148/1053
f 1054/1148/1053 1023/1133/1038 1024/1135/1040
f 1044/1149/990 979/1150/985 1043/1152/1054
f 1043/1152/1054 979/1150/985 1039/1151/1055
f 1008/1105/1022 970/1104/976 1073/1154/1056
f 1073/1154/1056 970/1104/976 1072/1153/989
f 979/1150/985 1050/1155/984 1039/1151/1055
f 1039/1151/1055 1050/1155/984 1051/1156/1057
f 1038/1157/1058 977/1158/1059 1040/1160/1060
f 1040/1160/1060 977/1158/1059 1041/1159/980
f 1042/1041/981 1041/1040/980 978/1162/1061
f 978/1162/1061 1041/1040/980 977/1161/1059
f 1044/1049/990 975/1055/997 1045/1050/991
f 1045/1050/991 975/1055/997 976/1054/995
f 1031/1142/1047 1053/1163/1062 1024/1135/1040
f 1024/1135/1040 1053/1163/1062 1054/1148/1053
f 1056/1147/1051 1057/1164/1063 1022/1134/1039
f 1022/1134/1039 1057/1164/1063 1032/1143/1048
f 1026/1137/1041 1052/1165/1064 1031/1142/1047
f 1031/1142/1047 1052/1165/1064 1053/1163/1062
f 1057/1164/1063 1058/1166/1065 1032/1143/1048
f 1032/1143/1048 1058/1166/1065 1027/1138/1043
f 978/1162/1061 977/1161/1059 1046/1168/1066
f 1046/1168/1066 977/1161/1059 1047/1167/1067
f 977/1158/1059 1038/1157/1058 1047/1169/1067
f 1047/1169/1067 1038/1157/1058 1048/1170/1068
f 1070/1172/1069 1074/1173/1070 1069/1171/1071
f 1069/1171/1071 1074/1173/1070 1075/1174/1072
f 1069/1176/1071 1075/1177/1072 1068/1175/1073
f 1068/1175/1073 1075/1177/1072 1076/1178/1074
f 1052/1165/1064 1038/1157/1058 1053/1163/1062
f 1053/1163/1062 1038/1157/1058 1040/1160/1060
f 1053/1163/1062 1040/1160/1060 1054/1148/1053
f 1054/1148/1053 1040/1160/1060 1037/1179/1075
f 1036/1180/1076 1055/1146/1052 1037/1179/1075
f 1037/1179/1075 1055/1146/1052 1054/1148/1053
f 1056/1147/1051 1055/1146/1052 1035/1181/1077
f 1035/1181/1077 1055/1146/1052 1036/1180/1076
f 1057/1164/1063 1056/1147/1051 1043/1152/1054
f 1043/1152/1054 1056/1147/1051 1035/1181/1077
f 1058/1166/1065 1057/1164/1063 1039/1151/1055
f 1039/1151/1055 1057/1164/1063 1043/1152/1054
f 1029/1140/1045 1059/1182/1078 1025/1136/1042
f 1025/1136/1042 1059/1182/1078 1060/1183/1079
f 1030/1141/1046 1028/1139/1044 1062/1184/1080
f 1062/1184/1080 1028/1139/1044 1061/1185/1081
f 1025/1136/1042 1060/1183/1079 1026/1137/1041
f 1026/1137/1041 1060/1183/1079 1052/1165/1064
f 1028/1139/1044 1027/1138/1043 1061/1185/1081
f 1061/1185/1081 1027/1138/1043 1058/1166/1065
f 1059/1182/1078 1029/1140/1045 1063/1186/1082
f 1063/1186/1082 1029/1140/1045 1033/1145/1050
f 1034/1144/1049 1030/1141/1046 1064/1187/1083
f 1064/1187/1083 1030/1141/1046 1062/1184/1080
f 1063/1186/1082 1033/1145/1050 994/1110/1025
f 994/1110/1025 1033/1145/1050 920/985/929
f 1064/1187/1083 1001/1107/1023 1034/1144/1049
f 1034/1144/1049 1001/1107/1023 921/986/930
f 1046/1168/1066 1047/1167/1067 1067/1189/1084
f 1067/1189/1084 1047/1167/1067 1066/1188/1085
f 1065/1190/1086 1066/1191/1085 1048/1170/1068
f 1048/1170/1068 1066/1191/1085 1047/1169/1067
f 1038/1157/1058 1052/1165/1064 1048/1170/1068
f 1048/1170/1068 1052/1165/1064 1060/1183/1079
f 1039/1151/1055 1051/1156/1057 1058/1166/1065
f 1058/1166/1065 1051/1156/1057 1061/1185/1081
f 993/1084/1009 1036/1180/1076 974/1083/982
f 974/1083/982 1036/1180/1076 1037/1179/1075
f 993/1082/1009 975/1081/997 1036/1180/1076
f 1036/1180/1076 975/1081/997 1035/1181/1077
f 1040/1160/1060 1041/1159/980 1037/1179/1075
f 1037/1179/1075 1041/1159/980 974/1083/982
f 975/1081/997 1044/1149/990 1035/1181/1077
f 1035/1181/1077 1044/1149/990 1043/1152/1054
f 1050/1155/984 1069/1176/1071 1051/1156/1057
f 1051/1156/1057 1069/1176/1071 1068/1175/1073
f 1069/1171/1071 1050/1044/984 1070/1172/1069
f 1070/1172/1069 1050/1044/984 1049/1043/986
f 1059/1182/1078 1065/1190/1086 1060/1183/1079
f 1060/1183/1079 1065/1190/1086 1048/1170/1068
f 1062/1184/1080 1061/1185/1081 1068/1175/1073
f 1068/1175/1073 1061/1185/1081 1051/1156/1057
f 1065/1190/1086 1059/1182/1078 1073/1154/1056
f 1073/1154/1056 1059/1182/1078 1063/1186/1082
f 1064/1187/1083 1062/1184/1080 1076/1178/1074
f 1076/1178/1074 1062/1184/1080 1068/1175/1073
f 1072/1048/989 1071/1047/988 1066/1188/1085
f 1066/1188/1085 1071/1047/988 1067/1189/1084
f 1066/1191/1085 1065/1190/1086 1072/1153/989
f 1072/1153/989 1065/1190/1086 1073/1154/1056
f 971/1037/978 1075/1174/1072 972/1038/979
f 972/1038/979 1075/1174/1072 1074/1173/1070
f 1075/1177/1072 971/1125/978 1076/1178/1074
f 1076/1178/1074 971/1125/978 1015/1117/1032
f 994/1110/1025 1008/1105/1022 1063/1186/1082
f 1063/1186/1082 1008/1105/1022 1073/1154/1056
f 1001/1107/1023 1064/1187/1083 1015/1117/1032
f 1015/1117/1032 1064/1187/1083 1076/1178/1074
f 1161/1193/1087 1077/1194/1088 1160/1192/1089
f 1160/1192/1089 1077/1194/1088 1078/1195/1090
f 688/1196/684 681/1197/686 1118/1199/1091
f 1118/1199/1091 681/1197/686 1117/1198/1092
f 1159/1201/1093 1081/1202/1094 1172/1200/1095
f 1172/1200/1095 1081/1202/1094 1082/1203/1096
f 693/1204/1097 685/1205/1098 1130/1207/1099
f 1130/1207/1099 685/1205/1098 1129/1206/1100
f 1160/1192/1089 1078/1195/1090 1159/1201/1093
f 1159/1201/1093 1078/1195/1090 1081/1202/1094
f 678/1208/696 688/1196/684 1119/1209/1101
f 1119/1209/1101 688/1196/684 1118/1199/1091
f 1172/1200/1095 1082/1203/1096 1171/1210/1102
f 1171/1210/1102 1082/1203/1096 1086/1211/1103
f 681/1197/686 693/1204/1097 1117/1198/1092
f 1117/1198/1092 693/1204/1097 1130/1207/1099
f 1163/1213/1104 1087/1214/1105 1162/1212/1106
f 1162/1212/1106 1087/1214/1105 1088/1215/1107
f 700/1216/704 678/1208/696 1120/1217/1108
f 1120/1217/1108 678/1208/696 1119/1209/1101
f 1162/1212/1106 1088/1215/1107 1161/1193/1087
f 1161/1193/1087 1088/1215/1107 1077/1194/1088
f 696/1218/706 700/1216/704 1121/1219/1109
f 1121/1219/1109 700/1216/704 1120/1217/1108
f 1165/1221/1110 1091/1222/1111 1164/1220/1112
f 1164/1220/1112 1091/1222/1111 1092/1223/1113
f 708/1224/712 696/1218/706 1122/1225/1114
f 1122/1225/1114 696/1218/706 1121/1219/1109
f 1164/1220/1112 1092/1223/1113 1163/1213/1104
f 1163/1213/1104 1092/1223/1113 1087/1214/1105
f 704/1226/714 708/1224/712 1123/1227/1115
f 1123/1227/1115 708/1224/712 1122/1225/1114
f 1166/1228/1116 1167/1229/1117 1096/1231/1118
f 1096/1231/1118 1167/1229/1117 1095/1230/1119
f 704/1226/714 1123/1227/1115 716/1232/720
f 716/1232/720 1123/1227/1115 1124/1233/1120
f 1165/1221/1110 1166/1228/1116 1091/1222/1111
f 1091/1222/1111 1166/1228/1116 1096/1231/1118
f 716/1232/720 1124/1233/1120 712/1234/722
f 712/1234/722 1124/1233/1120 1125/1235/1121
f 1168/1236/1122 1169/1237/1123 1100/1239/1124
f 1100/1239/1124 1169/1237/1123 1099/1238/1125
f 712/1234/722 1125/1235/1121 728/1240/728
f 728/1240/728 1125/1235/1121 1126/1241/1126
f 1171/1243/1102 1086/1211/1103 1170/1242/1127
f 1170/1242/1127 1086/1211/1103 1102/1244/1128
f 720/1246/1129 1127/1247/1130 724/1245/1131
f 724/1245/1131 1127/1247/1130 1128/1248/1132
f 1169/1237/1123 1170/1242/1127 1099/1238/1125
f 1099/1238/1125 1170/1242/1127 1102/1244/1128
f 724/1245/1131 1128/1248/1132 685/1249/1098
f 685/1249/1098 1128/1248/1132 1129/1250/1100
f 1167/1229/1117 1168/1236/1122 1095/1230/1119
f 1095/1230/1119 1168/1236/1122 1100/1239/1124
f 728/1240/728 1126/1241/1126 720/1246/1129
f 720/1246/1129 1126/1241/1126 1127/1247/1130
f 1106/1251/1133 1109/1252/1134 1105/1254/1135
f 1105/1254/1135 1109/1252/1134 1110/1253/1136
f 1115/1255/1137 1116/1256/1138 1112/1258/1139
f 1112/1258/1139 1116/1256/1138 1111/1257/1140
f 1089/1259/1141 1085/1260/1142 1105/1254/1135
f 1105/1254/1135 1085/1260/1142 1106/1251/1133
f 1108/1261/1143 1107/1262/1144 1088/1215/1107
f 1088/1215/1107 1107/1262/1144 1077/1194/1088
f 1114/1264/1145 1103/1265/1146 1113/1263/1147
f 1113/1263/1147 1103/1265/1146 1101/1266/1148
f 1112/1258/1139 1111/1257/1140 1108/1261/1143
f 1108/1261/1143 1111/1257/1140 1107/1262/1144
f 1093/1267/1149 1179/1268/1150 1094/1270/1151
f 1094/1270/1151 1179/1268/1150 1180/1269/1152
f 1108/1261/1143 1182/1271/1153 1112/1258/1139
f 1112/1258/1139 1182/1271/1153 1183/1272/1154
f 1090/1273/1155 1179/1268/1150 1093/1267/1149
f 1182/1271/1153 1108/1261/1143 1087/1214/1105
f 1087/1214/1105 1108/1261/1143 1088/1215/1107
f 1109/1252/1134 1114/1264/1145 1110/1253/1136
f 1110/1253/1136 1114/1264/1145 1113/1263/1147
f 1116/1256/1138 1115/1255/1137 1099/1238/1125
f 1099/1238/1125 1115/1255/1137 1100/1239/1124
f 1181/1274/1156 1097/1275/1157 1180/1269/1152
f 1180/1269/1152 1097/1275/1157 1094/1270/1151
f 1183/1272/1154 1184/1276/1158 1112/1258/1139
f 1112/1258/1139 1184/1276/1158 1115/1255/1137
f 1097/1275/1157 1181/1274/1156 1098/1277/1159
f 1115/1255/1137 1184/1276/1158 1100/1239/1124
f 1100/1239/1124 1184/1276/1158 1095/1230/1119
f 1173/1279/1160 1174/1280/1161 1083/1278/1162
f 1083/1278/1162 1174/1280/1161 1084/1281/1163
f 1116/1256/1138 1176/1282/1164 1111/1257/1140
f 1111/1257/1140 1176/1282/1164 1177/1283/1165
f 1174/1280/1161 1175/1284/1166 1084/1281/1163
f 1084/1281/1163 1175/1284/1166 1079/1285/1167
f 1177/1283/1165 1178/1286/1168 1111/1257/1140
f 1111/1257/1140 1178/1286/1168 1107/1262/1144
f 1104/1287/1169 1173/1279/1160 1083/1288/1162
f 1099/1238/1125 1102/1244/1128 1116/1256/1138
f 1116/1256/1138 1102/1244/1128 1176/1282/1164
f 1175/1284/1166 1080/1289/1170 1079/1285/1167
f 1077/1194/1088 1107/1262/1144 1078/1195/1090
f 1078/1195/1090 1107/1262/1144 1178/1286/1168
f 1118/1199/1091 1117/1198/1092 1146/1291/1171
f 1146/1291/1171 1117/1198/1092 1145/1290/1172
f 1119/1209/1101 1118/1199/1091 1147/1292/1173
f 1147/1292/1173 1118/1199/1091 1146/1291/1171
f 1120/1217/1108 1119/1209/1101 1148/1293/1174
f 1148/1293/1174 1119/1209/1101 1147/1292/1173
f 1121/1219/1109 1120/1217/1108 1149/1294/1175
f 1149/1294/1175 1120/1217/1108 1148/1293/1174
f 1122/1225/1114 1121/1219/1109 1150/1295/1176
f 1150/1295/1176 1121/1219/1109 1149/1294/1175
f 1123/1227/1115 1122/1225/1114 1151/1296/1177
f 1151/1296/1177 1122/1225/1114 1150/1295/1176
f 1123/1227/1115 1151/1296/1177 1124/1233/1120
f 1124/1233/1120 1151/1296/1177 1152/1297/1178
f 1124/1233/1120 1152/1297/1178 1125/1235/1121
f 1125/1235/1121 1152/1297/1178 1153/1298/1179
f 1125/1235/1121 1153/1298/1179 1126/1241/1126
f 1126/1241/1126 1153/1298/1179 1154/1299/1180
f 1126/1241/1126 1154/1299/1180 1127/1247/1130
f 1127/1247/1130 1154/1299/1180 1155/1300/1181
f 1127/1247/1130 1155/1300/1181 1128/1248/1132
f 1128/1248/1132 1155/1300/1181 1156/1301/1182
f 1128/1248/1132 1156/1301/1182 1129/1250/1100
f 1129/1250/1100 1156/1301/1182 1157/1302/1183
f 1130/1207/1099 1129/1206/1100 1158/1304/1184
f 1158/1304/1184 1129/1206/1100 1157/1303/1183
f 1117/1198/1092 1130/1207/1099 1145/1290/1172
f 1145/1290/1172 1130/1207/1099 1158/1304/1184
f 686/1306/680 1132/1307/1185 674/1305/694
f 674/1305/694 1132/1307/1185 1131/1308/1186
f 677/1309/682 1133/1310/1187 686/1306/680
f 686/1306/680 1133/1310/1187 1132/1307/1185
f 698/1311/700 1134/1312/1188 677/1309/682
f 677/1309/682 1134/1312/1188 1133/1310/1187
f 695/1313/702 1135/1314/1189 698/1311/700
f 698/1311/700 1135/1314/1189 1134/1312/1188
f 706/1315/708 1136/1316/1190 695/1313/702
f 695/1313/702 1136/1316/1190 1135/1314/1189
f 703/1317/710 1137/1318/1191 706/1315/708
f 706/1315/708 1137/1318/1191 1136/1316/1190
f 703/1317/710 714/1319/716 1137/1318/1191
f 1137/1318/1191 714/1319/716 1138/1320/1192
f 714/1319/716 711/1321/718 1138/1320/1192
f 1138/1320/1192 711/1321/718 1139/1322/1193
f 711/1321/718 726/1323/724 1139/1322/1193
f 1139/1322/1193 726/1323/724 1140/1324/1194
f 726/1323/724 719/1325/1195 1140/1324/1194
f 1140/1324/1194 719/1325/1195 1141/1326/1196
f 719/1325/1195 722/1327/1197 1141/1326/1196
f 1141/1326/1196 722/1327/1197 1142/1328/1198
f 722/1327/1197 682/1329/1199 1142/1328/1198
f 1142/1328/1198 682/1329/1199 1143/1330/1200
f 691/1332/1201 1144/1333/1202 682/1331/1199
f 682/1331/1199 1144/1333/1202 1143/1334/1200
f 674/1305/694 1131/1308/1186 691/1332/1201
f 691/1332/1201 1131/1308/1186 1144/1333/1202
f 1146/1291/1171 1145/1290/1172 1080/1289/1170
f 1080/1289/1170 1145/1290/1172 1079/1285/1167
f 1147/1292/1173 1146/1291/1171 1085/1260/1142
f 1085/1260/1142 1146/1291/1171 1080/1289/1170
f 1148/1293/1174 1147/1292/1173 1089/1259/1141
f 1089/1259/1141 1147/1292/1173 1085/1260/1142
f 1149/1294/1175 1148/1293/1174 1090/1273/1155
f 1090/1273/1155 1148/1293/1174 1089/1259/1141
f 1150/1295/1176 1149/1294/1175 1093/1267/1149
f 1093/1267/1149 1149/1294/1175 1090/1273/1155
f 1150/1295/1176 1093/1267/1149 1151/1296/1177
f 1151/1296/1177 1093/1267/1149 1094/1270/1151
f 1151/1296/1177 1094/1270/1151 1152/1297/1178
f 1152/1297/1178 1094/1270/1151 1097/1275/1157
f 1152/1297/1178 1097/1275/1157 1153/1298/1179
f 1153/1298/1179 1097/1275/1157 1098/1277/1159
f 1153/1298/1179 1098/1277/1159 1154/1299/1180
f 1154/1299/1180 1098/1277/1159 1101/1266/1148
f 1154/1299/1180 1101/1266/1148 1155/1300/1181
f 1155/1300/1181 1101/1266/1148 1103/1265/1146
f 1155/1300/1181 1103/1265/1146 1156/1301/1182
f 1156/1301/1182 1103/1265/1146 1104/1287/1169
f 1157/1302/1183 1156/1301/1182 1083/1288/1162
f 1083/1288/1162 1156/1301/1182 1104/1287/1169
f 1158/1304/1184 1157/1303/1183 1084/1281/1163
f 1084/1281/1163 1157/1303/1183 1083/1278/1162
f 1145/1290/1172 1158/1304/1184 1079/1285/1167
f 1079/1285/1167 1158/1304/1184 1084/1281/1163
f 1132/1307/1185 1160/1192/1089 1131/1308/1186
f 1131/1308/1186 1160/1192/1089 1159/1201/1093
f 1133/1310/1187 1161/1193/1087 1132/1307/1185
f 1132/1307/1185 1161/1193/1087 1160/1192/1089
f 1134/1312/1188 1162/1212/1106 1133/1310/1187
f 1133/1310/1187 1162/1212/1106 1161/1193/1087
f 1135/1314/1189 1163/1213/1104 1134/1312/1188
f 1134/1312/1188 1163/1213/1104 1162/1212/1106
f 1136/1316/1190 1164/1220/1112 1135/1314/1189
f 1135/1314/1189 1164/1220/1112 1163/1213/1104
f 1137/1318/1191 1165/1221/1110 1136/1316/1190
f 1136/1316/1190 1165/1221/1110 1164/1220/1112
f 1138/1320/1192 1166/1228/1116 1137/1318/1191
f 1137/1318/1191 1166/1228/1116 1165/1221/1110
f 1138/1320/1192 1139/1322/1193 1166/1228/1116
f 1166/1228/1116 1139/1322/1193 1167/1229/1117
f 1139/1322/1193 1140/1324/1194 1167/1229/1117
f 1167/1229/1117 1140/1324/1194 1168/1236/1122
f 1140/1324/1194 1141/1326/1196 1168/1236/1122
f 1168/1236/1122 1141/1326/1196 1169/1237/1123
f 1141/1326/1196 1142/1328/1198 1169/1237/1123
f 1169/1237/1123 1142/1328/1198 1170/1242/1127
f 1142/1328/1198 1143/1330/1200 1170/1242/1127
f 1170/1242/1127 1143/1330/1200 1171/1243/1102
f 1144/1333/1202 1172/1200/1095 1143/1334/1200
f 1143/1334/1200 1172/1200/1095 1171/1210/1102
f 1131/1308/1186 1159/1201/1093 1144/1333/1202
f 1144/1333/1202 1159/1201/1093 1172/1200/1095
f 1103/1265/1146 1114/1264/1145 1104/1287/1169
f 1104/1287/1169 1114/1264/1145 1173/1279/1160
f 1174/1280/1161 1173/1279/1160 1109/1252/1134
f 1109/1252/1134 1173/1279/1160 1114/1264/1145
f 1174/1280/1161 1109/1252/1134 1175/1284/1166
f 1175/1284/1166 1109/1252/1134 1106/1251/1133
f 1085/1260/1142 1080/1289/1170 1106/1251/1133
f 1106/1251/1133 1080/1289/1170 1175/1284/1166
f 1176/1282/1164 1102/1244/1128 1086/1211/1103
f 1176/1282/1164 1086/1211/1103 1177/1283/1165
f 1177/1283/1165 1086/1211/1103 1082/1203/1096
f 1178/1286/1168 1177/1283/1165 1081/1202/1094
f 1081/1202/1094 1177/1283/1165 1082/1203/1096
f 1078/1195/1090 1178/1286/1168 1081/1202/1094
f 1105/1254/1135 1179/1268/1150 1089/1259/1141
f 1089/1259/1141 1179/1268/1150 1090/1273/1155
f 1180/1269/1152 1179/1268/1150 1110/1253/1136
f 1110/1253/1136 1179/1268/1150 1105/1254/1135
f 1113/1263/1147 1181/1274/1156 1110/1253/1136
f 1110/1253/1136 1181/1274/1156 1180/1269/1152
f 1098/1277/1159 1181/1274/1156 1101/1266/1148
f 1101/1266/1148 1181/1274/1156 1113/1263/1147
f 1092/1223/1113 1182/1271/1153 1087/1214/1105
f 1183/1272/1154 1182/1271/1153 1091/1222/1111
f 1091/1222/1111 1182/1271/1153 1092/1223/1113
f 1184/1276/1158 1183/1272/1154 1096/1231/1118
f 1096/1231/1118 1183/1272/1154 1091/1222/1111
f 1095/1230/1119 1184/1276/1158 1096/1231/1118
f 1188/1335/1203 1186/1336/1204 1187/1337/1205
f 1192/1338/1206 1189/1339/1207 1191/1340/1208
f 1186/1336/1204 1194/1341/1209 1187/1337/1205
f 1196/1342/1210 1191/1340/1208 1195/1343/1211
f 1186/1336/1204 1201/1344/1212 1202/1345/1213
f 1203/1346/1214 1191/1340/1208 1199/1347/1215
f 1206/1348/1216 1201/1344/1212 1186/1336/1204
f 1191/1340/1208 1207/1349/1217 1208/1350/1218
f 1186/1336/1204 1209/1351/1219 1210/1352/1220
f 1211/1353/1221 1191/1340/1208 1208/1350/1218
f 1186/1336/1204 1213/1354/1222 1209/1351/1219
f 1214/1355/1223 1192/1338/1206 1191/1340/1208
f 1273/1357/1224 1238/1358/1225 1272/1356/1226
f 1272/1356/1226 1238/1358/1225 1239/1359/1227
f 1221/1360/1228 1222/1361/1229 1071/1047/988
f 1071/1047/988 1222/1361/1229 1067/1189/1084
f 1274/1362/1230 1254/1363/1231 1273/1357/1224
f 1273/1357/1224 1254/1363/1231 1238/1358/1225
f 969/1036/977 1237/1364/1232 1071/1047/988
f 1071/1047/988 1237/1364/1232 1221/1360/1228
f 1254/1363/1231 1274/1362/1230 1253/1365/1233
f 1253/1365/1233 1274/1362/1230 1275/1366/1234
f 1237/1364/1232 969/1036/977 1236/1367/1235
f 1236/1367/1235 969/1036/977 965/1032/973
f 1253/1365/1233 1275/1366/1234 1252/1368/1236
f 1252/1368/1236 1275/1366/1234 1276/1369/1237
f 1235/1370/1238 1236/1367/1235 957/1026/966
f 957/1026/966 1236/1367/1235 965/1032/973
f 1252/1368/1236 1276/1369/1237 1251/1371/1239
f 1251/1371/1239 1276/1369/1237 1277/1372/1240
f 1234/1373/1241 1235/1370/1238 962/1025/967
f 962/1025/967 1235/1370/1238 957/1026/966
f 1251/1371/1239 1277/1372/1240 1250/1374/1242
f 1250/1374/1242 1277/1372/1240 1278/1375/1243
f 1233/1376/1244 1234/1373/1241 945/1021/962
f 945/1021/962 1234/1373/1241 962/1025/967
f 1250/1374/1242 1278/1375/1243 1249/1377/1245
f 1249/1377/1245 1278/1375/1243 1279/1378/1246
f 1232/1379/1247 1233/1376/1244 953/1012/953
f 953/1012/953 1233/1376/1244 945/1021/962
f 1249/1377/1245 1279/1378/1246 1248/1380/1248
f 1248/1380/1248 1279/1378/1246 1280/1381/1249
f 1231/1382/1250 1232/1379/1247 937/1011/952
f 937/1011/952 1232/1379/1247 953/1012/953
f 1248/1380/1248 1280/1381/1249 1247/1383/1251
f 1247/1383/1251 1280/1381/1249 1281/1384/1252
f 1230/1385/1253 1231/1382/1250 949/1004/947
f 949/1004/947 1231/1382/1250 937/1011/952
f 1247/1383/1251 1281/1384/1252 1246/1386/1254
f 1246/1386/1254 1281/1384/1252 1282/1387/1255
f 1229/1388/1256 1230/1385/1253 940/1003/946
f 940/1003/946 1230/1385/1253 949/1004/947
f 1282/1389/1255 1283/1390/1257 1246/1392/1254
f 1246/1392/1254 1283/1390/1257 1245/1391/1258
f 1228/1393/1259 1229/1394/1256 985/1057/998
f 985/1057/998 1229/1394/1256 940/1063/946
f 1244/1395/1260 1245/1391/1258 1284/1396/1261
f 1284/1396/1261 1245/1391/1258 1283/1390/1257
f 1228/1393/1259 985/1057/998 1227/1397/1262
f 1227/1397/1262 985/1057/998 981/1051/992
f 1243/1398/1263 1244/1395/1260 1285/1399/1264
f 1285/1399/1264 1244/1395/1260 1284/1396/1261
f 1227/1397/1262 981/1051/992 1226/1400/1265
f 1226/1400/1265 981/1051/992 973/1042/983
f 1186/1336/1204 1197/1401/1266 1215/1402/1267
f 1200/1403/1268 1199/1347/1215 1191/1340/1208
f 1272/1356/1226 1239/1359/1227 1288/1404/1269
f 1288/1404/1269 1239/1359/1227 1240/1405/1270
f 1222/1361/1229 1223/1406/1271 1067/1189/1084
f 1067/1189/1084 1223/1406/1271 1046/1168/1066
f 1288/1404/1269 1240/1405/1270 1287/1407/1272
f 1287/1407/1272 1240/1405/1270 1241/1408/1273
f 1223/1406/1271 1224/1409/1274 1046/1168/1066
f 1046/1168/1066 1224/1409/1274 978/1162/1275
f 1217/1410/1276 1186/1336/1204 1215/1402/1267
f 1220/1411/1277 1218/1412/1278 1191/1340/1208
f 1219/1413/1279 1193/1414/1280 1186/1336/1204
f 1220/1411/1277 1191/1340/1208 1196/1342/1210
f 1287/1407/1272 1241/1408/1273 1286/1415/1281
f 1286/1415/1281 1241/1408/1273 1242/1416/1282
f 978/1162/1275 1224/1409/1274 1042/1041/1283
f 1042/1041/1283 1224/1409/1274 1225/1417/1284
f 1242/1416/1282 1243/1398/1263 1286/1415/1281
f 1286/1415/1281 1243/1398/1263 1285/1399/1264
f 1226/1400/1265 973/1042/983 1225/1417/1284
f 1225/1417/1284 973/1042/983 1042/1041/1283
f 1255/1418/1285 1256/1419/1286 1353/1421/1287
f 1353/1421/1287 1256/1419/1286 1352/1420/1288
f 1271/1422/1289 1255/1418/1285 1354/1423/1290
f 1354/1423/1290 1255/1418/1285 1353/1421/1287
f 1270/1424/1291 1271/1422/1289 1355/1425/1292
f 1355/1425/1292 1271/1422/1289 1354/1423/1290
f 1269/1426/1293 1270/1424/1291 1356/1427/1294
f 1356/1427/1294 1270/1424/1291 1355/1425/1292
f 1356/1427/1294 1357/1428/1295 1269/1426/1293
f 1269/1426/1293 1357/1428/1295 1268/1429/1296
f 1358/1430/1297 1267/1431/1298 1357/1428/1295
f 1357/1428/1295 1267/1431/1298 1268/1429/1296
f 1359/1432/1299 1266/1433/1300 1358/1430/1297
f 1358/1430/1297 1266/1433/1300 1267/1431/1298
f 1266/1433/1300 1359/1432/1299 1265/1434/1301
f 1265/1434/1301 1359/1432/1299 1360/1435/1302
f 1361/1437/1303 1264/1438/1304 1360/1436/1302
f 1360/1436/1302 1264/1438/1304 1265/1439/1301
f 1362/1440/1305 1263/1441/1306 1361/1437/1303
f 1361/1437/1303 1263/1441/1306 1264/1438/1304
f 1362/1440/1305 1363/1442/1307 1263/1441/1306
f 1263/1441/1306 1363/1442/1307 1262/1443/1308
f 1363/1442/1307 1364/1444/1309 1262/1443/1308
f 1262/1443/1308 1364/1444/1309 1261/1445/1310
f 1364/1444/1309 1365/1446/1311 1261/1445/1310
f 1261/1445/1310 1365/1446/1311 1260/1447/1312
f 1365/1446/1311 1366/1448/1313 1260/1447/1312
f 1260/1447/1312 1366/1448/1313 1259/1449/1314
f 1366/1448/1313 1367/1450/1315 1259/1449/1314
f 1259/1449/1314 1367/1450/1315 1258/1451/1316
f 1367/1450/1315 1368/1452/1317 1258/1451/1316
f 1258/1451/1316 1368/1452/1317 1257/1453/1318
f 1256/1419/1286 1257/1453/1318 1352/1420/1288
f 1352/1420/1288 1257/1453/1318 1368/1452/1317
f 1238/1358/1225 1074/1173/1070 1239/1359/1227
f 1239/1359/1227 1074/1173/1070 1070/1172/1069
f 1239/1359/1227 1070/1172/1069 1240/1405/1270
f 1240/1405/1270 1070/1172/1069 1049/1043/986
f 1240/1405/1270 1049/1043/986 1241/1408/1273
f 1241/1408/1273 1049/1043/986 980/1046/1319
f 1242/1416/1282 1241/1408/1273 1045/1050/1320
f 1045/1050/1320 1241/1408/1273 980/1046/1319
f 1243/1398/1263 1242/1416/1282 976/1054/995
f 976/1054/995 1242/1416/1282 1045/1050/1320
f 1244/1395/1260 1243/1398/1263 984/1053/994
f 984/1053/994 1243/1398/1263 976/1054/995
f 1245/1391/1258 1244/1395/1260 987/1060/1000
f 987/1060/1000 1244/1395/1260 984/1053/994
f 1245/1391/1258 987/1060/1000 1246/1392/1254
f 1246/1392/1254 987/1060/1000 941/1059/961
f 951/1008/949 1247/1383/1251 941/1019/961
f 941/1019/961 1247/1383/1251 1246/1386/1254
f 944/1007/950 1248/1380/1248 951/1008/949
f 951/1008/949 1248/1380/1248 1247/1383/1251
f 955/1016/956 1249/1377/1245 944/1007/950
f 944/1007/950 1249/1377/1245 1248/1380/1248
f 948/1015/958 1250/1374/1242 955/1016/956
f 955/1016/956 1250/1374/1242 1249/1377/1245
f 964/1028/969 1251/1371/1239 948/1015/958
f 948/1015/958 1251/1371/1239 1250/1374/1242
f 960/1030/970 1252/1368/1236 964/1028/969
f 964/1028/969 1252/1368/1236 1251/1371/1239
f 968/1034/975 1253/1365/1233 960/1030/970
f 960/1030/970 1253/1365/1233 1252/1368/1236
f 1254/1363/1231 1253/1365/1233 972/1038/979
f 972/1038/979 1253/1365/1233 968/1034/975
f 1238/1358/1225 1254/1363/1231 1074/1173/1070
f 1074/1173/1070 1254/1363/1231 972/1038/979
f 1222/1361/1229 1221/1360/1228 1255/1418/1285
f 1255/1418/1285 1221/1360/1228 1256/1419/1286
f 1221/1360/1228 1237/1364/1232 1256/1419/1286
f 1256/1419/1286 1237/1364/1232 1257/1453/1318
f 1258/1451/1316 1257/1453/1318 1236/1367/1235
f 1236/1367/1235 1257/1453/1318 1237/1364/1232
f 1259/1449/1314 1258/1451/1316 1235/1370/1238
f 1235/1370/1238 1258/1451/1316 1236/1367/1235
f 1260/1447/1312 1259/1449/1314 1234/1373/1241
f 1234/1373/1241 1259/1449/1314 1235/1370/1238
f 1261/1445/1310 1260/1447/1312 1233/1376/1244
f 1233/1376/1244 1260/1447/1312 1234/1373/1241
f 1262/1443/1308 1261/1445/1310 1232/1379/1247
f 1232/1379/1247 1261/1445/1310 1233/1376/1244
f 1263/1441/1306 1262/1443/1308 1231/1382/1250
f 1231/1382/1250 1262/1443/1308 1232/1379/1247
f 1264/1438/1304 1263/1441/1306 1230/1385/1253
f 1230/1385/1253 1263/1441/1306 1231/1382/1250
f 1265/1439/1301 1264/1438/1304 1229/1388/1256
f 1229/1388/1256 1264/1438/1304 1230/1385/1253
f 1228/1393/1259 1266/1433/1300 1229/1394/1256
f 1229/1394/1256 1266/1433/1300 1265/1434/1301
f 1266/1433/1300 1228/1393/1259 1267/1431/1298
f 1267/1431/1298 1228/1393/1259 1227/1397/1262
f 1267/1431/1298 1227/1397/1262 1268/1429/1296
f 1268/1429/1296 1227/1397/1262 1226/1400/1265
f 1268/1429/1296 1226/1400/1265 1269/1426/1293
f 1269/1426/1293 1226/1400/1265 1225/1417/1284
f 1225/1417/1284 1224/1409/1274 1269/1426/1293
f 1269/1426/1293 1224/1409/1274 1270/1424/1291
f 1224/1409/1274 1223/1406/1271 1270/1424/1291
f 1270/1424/1291 1223/1406/1271 1271/1422/1289
f 1223/1406/1271 1222/1361/1229 1271/1422/1289
f 1271/1422/1289 1222/1361/1229 1255/1418/1285
f 1198/1454/1321 1335/1455/1322 1197/1457/1323
f 1197/1457/1323 1335/1455/1322 1336/1456/1324
f 1202/1458/1325 1351/1459/1326 1198/1454/1321
f 1198/1454/1321 1351/1459/1326 1335/1455/1322
f 1351/1459/1326 1202/1458/1325 1350/1460/1327
f 1350/1460/1327 1202/1458/1325 1201/1461/1212
f 1350/1460/1327 1201/1461/1212 1349/1462/1328
f 1349/1462/1328 1201/1461/1212 1206/1463/1216
f 1349/1462/1328 1206/1463/1216 1348/1464/1329
f 1348/1464/1329 1206/1463/1216 1205/1465/1330
f 1348/1464/1329 1205/1465/1330 1347/1466/1331
f 1347/1466/1331 1205/1465/1330 1210/1467/1332
f 1347/1466/1331 1210/1467/1332 1346/1468/1333
f 1346/1468/1333 1210/1467/1332 1209/1469/1334
f 1346/1468/1333 1209/1469/1334 1345/1470/1335
f 1345/1470/1335 1209/1469/1334 1213/1471/1336
f 1345/1470/1335 1213/1471/1336 1344/1472/1337
f 1344/1472/1337 1213/1471/1336 1185/1473/1338
f 1344/1472/1337 1185/1473/1338 1343/1474/1339
f 1343/1474/1339 1185/1473/1338 1188/1475/1340
f 1342/1477/1341 1343/1478/1339 1187/1476/1342
f 1187/1476/1342 1343/1478/1339 1188/1479/1340
f 1341/1480/1343 1342/1477/1341 1194/1481/1344
f 1194/1481/1344 1342/1477/1341 1187/1476/1342
f 1340/1482/1345 1341/1480/1343 1193/1483/1346
f 1193/1483/1346 1341/1480/1343 1194/1481/1344
f 1339/1484/1347 1340/1482/1345 1219/1485/1348
f 1219/1485/1348 1340/1482/1345 1193/1483/1346
f 1217/1486/1349 1338/1487/1350 1219/1485/1348
f 1219/1485/1348 1338/1487/1350 1339/1484/1347
f 1215/1488/1351 1337/1489/1352 1217/1486/1349
f 1217/1486/1349 1337/1489/1352 1338/1487/1350
f 1197/1457/1323 1336/1456/1324 1215/1488/1351
f 1215/1488/1351 1336/1456/1324 1337/1489/1352
f 533/588/546 584/591/549 1290/1490/1353
f 1290/1490/1353 584/591/549 1289/1491/1354
f 534/594/554 1291/1492/1355 586/595/552
f 586/595/552 1291/1492/1355 1292/1493/1356
f 580/580/540 533/588/546 1293/1494/1357
f 1293/1494/1357 533/588/546 1290/1490/1353
f 582/654/612 1294/1495/1358 534/594/554
f 534/594/554 1294/1495/1358 1291/1492/1355
f 1293/1494/1357 1295/1496/1359 580/580/540
f 580/580/540 1295/1496/1359 576/581/538
f 1294/1495/1358 582/654/612 1296/1497/1360
f 1296/1497/1360 582/654/612 578/585/542
f 1295/1496/1359 1297/1498/1361 576/581/538
f 576/581/538 1297/1498/1361 527/572/530
f 1296/1497/1360 578/585/542 1298/1499/1362
f 1298/1499/1362 578/585/542 528/584/544
f 1297/1498/1361 1299/1500/1363 527/572/530
f 527/572/530 1299/1500/1363 568/573/1364
f 1298/1499/1362 528/584/544 1300/1501/1365
f 1300/1501/1365 528/584/544 570/578/1366
f 1301/1502/1367 573/653/1368 1299/1500/1363
f 1299/1500/1363 573/653/1368 568/573/1364
f 1302/1503/1369 1300/1501/1365 575/577/1370
f 575/577/1370 1300/1501/1365 570/578/1366
f 573/653/1368 1301/1502/1367 524/642/602
f 524/642/602 1301/1502/1367 1303/1504/1371
f 575/577/1370 531/650/608 1302/1503/1369
f 1302/1503/1369 531/650/608 1304/1505/1372
f 1305/1506/1373 1306/1507/1374 604/635/592
f 604/635/592 1306/1507/1374 557/628/586
f 1308/1508/1375 606/639/597 1307/1509/1376
f 1307/1509/1376 606/639/597 558/638/596
f 1309/1510/1377 1305/1506/1373 561/634/594
f 561/634/594 1305/1506/1373 604/635/592
f 1310/1511/1378 562/646/604 1308/1508/1375
f 1308/1508/1375 562/646/604 606/639/597
f 564/643/600 1311/1512/1379 561/634/594
f 561/634/594 1311/1512/1379 1309/1510/1377
f 566/647/605 562/646/604 1312/1513/1380
f 1312/1513/1380 562/646/604 1310/1511/1378
f 524/642/602 1303/1504/1371 564/643/600
f 564/643/600 1303/1504/1371 1311/1512/1379
f 531/650/608 566/647/605 1304/1505/1372
f 1304/1505/1372 566/647/605 1312/1513/1380
f 600/629/587 557/628/586 1313/1514/1381
f 1313/1514/1381 557/628/586 1306/1507/1374
f 602/632/590 1314/1515/1382 558/638/596
f 558/638/596 1314/1515/1382 1307/1509/1376
f 1315/1516/1383 553/661/1384 1313/1514/1381
f 1313/1514/1381 553/661/1384 600/629/587
f 1316/1517/1385 1314/1515/1382 554/627/1386
f 554/627/1386 1314/1515/1382 602/632/590
f 553/661/1384 1315/1516/1383 597/623/1387
f 597/623/1387 1315/1516/1383 1317/1518/1388
f 554/627/1386 599/626/1389 1316/1517/1385
f 1316/1517/1385 599/626/1389 1318/1519/1390
f 1319/1521/1391 545/606/1392 1320/1520/1393
f 1320/1520/1393 545/606/1392 592/615/1394
f 1322/1522/1395 1321/1523/1396 546/618/1397
f 546/618/1397 1321/1523/1396 594/619/1398
f 549/614/1399 1323/1524/1400 592/615/1394
f 592/615/1394 1323/1524/1400 1320/1520/1393
f 550/658/1401 594/619/1398 1324/1525/1402
f 1324/1525/1402 594/619/1398 1321/1523/1396
f 597/623/1387 1317/1518/1388 549/614/1399
f 549/614/1399 1317/1518/1388 1323/1524/1400
f 599/626/1389 550/658/1401 1318/1519/1390
f 1318/1519/1390 550/658/1401 1324/1525/1402
f 1325/1526/1403 662/607/565 1319/1521/1391
f 1319/1521/1391 662/607/565 545/606/1392
f 1326/1527/1404 1322/1522/1395 660/656/614
f 660/656/614 1322/1522/1395 546/618/1397
f 662/607/565 1325/1526/1403 658/711/668
f 658/711/668 1325/1526/1403 1327/1528/1405
f 660/656/614 656/611/568 1326/1527/1404
f 1326/1527/1404 656/611/568 1328/1529/1406
f 1329/1530/1407 541/598/556 1327/1528/1405
f 1327/1528/1405 541/598/556 658/711/668
f 1330/1531/1408 1328/1529/1406 542/610/570
f 542/610/570 1328/1529/1406 656/611/568
f 1331/1532/1409 588/599/557 1329/1530/1407
f 1329/1530/1407 588/599/557 541/598/556
f 1332/1533/1410 1330/1531/1408 590/603/560
f 590/603/560 1330/1531/1408 542/610/570
f 1331/1532/1409 1333/1534/1411 588/599/557
f 588/599/557 1333/1534/1411 537/590/548
f 1332/1533/1410 590/603/560 1334/1535/1412
f 1334/1535/1412 590/603/560 538/602/562
f 1333/1534/1411 1289/1491/1354 537/590/548
f 537/590/548 1289/1491/1354 584/591/549
f 1334/1535/1412 538/602/562 1292/1493/1356
f 1292/1493/1356 538/602/562 586/595/552
f 1335/1455/1322 1273/1357/1224 1336/1456/1324
f 1336/1456/1324 1273/1357/1224 1272/1356/1226
f 1336/1456/1324 1272/1356/1226 1337/1489/1352
f 1337/1489/1352 1272/1356/1226 1288/1404/1269
f 1337/1489/1352 1288/1404/1269 1338/1487/1350
f 1338/1487/1350 1288/1404/1269 1287/1407/1272
f 1338/1487/1350 1287/1407/1272 1339/1484/1347
f 1339/1484/1347 1287/1407/1272 1286/1415/1281
f 1285/1399/1264 1340/1482/1345 1286/1415/1281
f 1286/1415/1281 1340/1482/1345 1339/1484/1347
f 1285/1399/1264 1284/1396/1261 1340/1482/1345
f 1340/1482/1345 1284/1396/1261 1341/1480/1343
f 1284/1396/1261 1283/1390/1257 1341/1480/1343
f 1341/1480/1343 1283/1390/1257 1342/1477/1341
f 1343/1478/1339 1342/1477/1341 1282/1389/1255
f 1282/1389/1255 1342/1477/1341 1283/1390/1257
f 1282/1387/1255 1281/1384/1252 1343/1474/1339
f 1343/1474/1339 1281/1384/1252 1344/1472/1337
f 1281/1384/1252 1280/1381/1249 1344/1472/1337
f 1344/1472/1337 1280/1381/1249 1345/1470/1335
f 1279/1378/1246 1346/1468/1333 1280/1381/1249
f 1280/1381/1249 1346/1468/1333 1345/1470/1335
f 1278/1375/1243 1347/1466/1331 1279/1378/1246
f 1279/1378/1246 1347/1466/1331 1346/1468/1333
f 1277/1372/1240 1348/1464/1329 1278/1375/1243
f 1278/1375/1243 1348/1464/1329 1347/1466/1331
f 1276/1369/1237 1349/1462/1328 1277/1372/1240
f 1277/1372/1240 1349/1462/1328 1348/1464/1329
f 1275/1366/1234 1350/1460/1327 1276/1369/1237
f 1276/1369/1237 1350/1460/1327 1349/1462/1328
f 1274/1362/1230 1351/1459/1326 1275/1366/1234
f 1275/1366/1234 1351/1459/1326 1350/1460/1327
f 1351/1459/1326 1274/1362/1230 1335/1455/1322
f 1335/1455/1322 1274/1362/1230 1273/1357/1224
f 1353/1421/1287 1352/1420/1288 1200/1537/1413
f 1200/1537/1413 1352/1420/1288 1199/1536/1414
f 1354/1423/1290 1353/1421/1287 1216/1538/1415
f 1216/1538/1415 1353/1421/1287 1200/1537/1413
f 1355/1425/1292 1354/1423/1290 1218/1539/1416
f 1218/1539/1416 1354/1423/1290 1216/1538/1415
f 1356/1427/1294 1355/1425/1292 1220/1540/1417
f 1220/1540/1417 1355/1425/1292 1218/1539/1416
f 1196/1541/1418 1357/1428/1295 1220/1540/1417
f 1220/1540/1417 1357/1428/1295 1356/1427/1294
f 1195/1542/1419 1358/1430/1297 1196/1541/1418
f 1196/1541/1418 1358/1430/1297 1357/1428/1295
f 1190/1543/1420 1359/1432/1299 1195/1542/1419
f 1195/1542/1419 1359/1432/1299 1358/1430/1297
f 1359/1432/1299 1190/1543/1420 1360/1435/1302
f 1360/1435/1302 1190/1543/1420 1189/1544/1421
f 1361/1437/1303 1360/1436/1302 1192/1545/1422
f 1192/1545/1422 1360/1436/1302 1189/1546/1421
f 1362/1440/1305 1361/1437/1303 1214/1547/1423
f 1214/1547/1423 1361/1437/1303 1192/1545/1422
f 1363/1442/1307 1362/1440/1305 1212/1548/1424
f 1212/1548/1424 1362/1440/1305 1214/1547/1423
f 1364/1444/1309 1363/1442/1307 1211/1549/1425
f 1211/1549/1425 1363/1442/1307 1212/1548/1424
f 1365/1446/1311 1364/1444/1309 1208/1550/1218
f 1208/1550/1218 1364/1444/1309 1211/1549/1425
f 1366/1448/1313 1365/1446/1311 1207/1551/1217
f 1207/1551/1217 1365/1446/1311 1208/1550/1218
f 1367/1450/1315 1366/1448/1313 1204/1552/1426
f 1204/1552/1426 1366/1448/1313 1207/1551/1217
f 1368/1452/1317 1367/1450/1315 1203/1553/1427
f 1203/1553/1427 1367/1450/1315 1204/1552/1426
f 1352/1420/1288 1368/1452/1317 1199/1536/1414
f 1199/1536/1414 1368/1452/1317 1203/1553/1427
f 1191/1340/1208 1189/1339/1207 1190/1554/1428
f 1214/1355/1223 1191/1340/1208 1212/1555/1429
f 1188/1335/1203 1185/1556/1430 1186/1336/1204
f 1185/1556/1430 1213/1354/1222 1186/1336/1204
f 1212/1555/1429 1191/1340/1208 1211/1353/1221
f 1204/1557/1426 1207/1349/1217 1191/1340/1208
f 1186/1336/1204 1210/1352/1220 1205/1558/1330
f 1206/1348/1216 1186/1336/1204 1205/1558/1330
f 1204/1557/1426 1191/1340/1208 1203/1346/1214
f 1200/1403/1268 1191/1340/1208 1216/1559/1431
f 1186/1336/1204 1202/1345/1213 1198/1560/1432
f 1198/1560/1432 1197/1401/1266 1186/1336/1204
f 1191/1340/1208 1218/1412/1278 1216/1559/1431
f 1195/1343/1211 1191/1340/1208 1190/1554/1428
f 1217/1410/1276 1219/1413/1279 1186/1336/1204
f 1186/1336/1204 1193/1414/1280 1194/1341/1209
